"sensorId","accX","accY","accZ","orientationX","orientationY","orientationZ","timeFine"
"D4:22:CD:00:0C:E0","-0.06646526604890823","0.09132515639066696","-0.30114269256591797","-114.21246956908766","11.614302165466908","8.503347901217458","3282338188"
"D4:22:CD:00:0C:E0","0.09994275867938995","0.22882764041423798","-0.4449949264526367","-114.26667511108542","12.091642444649821","8.55269622186147","3282371522"
"D4:22:CD:00:0C:E0","-0.05315359681844711","0.1342405378818512","-0.5362949371337891","-114.56259306014663","12.440243708108374","8.4010255818174","3282404856"
"D4:22:CD:00:0C:E0","-0.10375508666038513","0.13853466510772705","-0.4826774597167969","-115.23329962299483","12.909928580774348","8.11723019983783","3282438190"
"D4:22:CD:00:0C:E0","-0.32576459646224976","-0.07330107688903809","-0.24774456024169922","-116.12345829588493","13.46835584929524","7.83867650766242","3282471524"
"D4:22:CD:00:0C:E0","-0.06680303066968918","-0.35634222626686096","0.07348823547363281","-117.12650692867163","14.097808344666563","7.688084551856227","3282504858"
"D4:22:CD:00:0C:E0","0.03291522338986397","-0.21603868901729584","0.15478229522705078","-118.15569806590945","14.672514303456984","7.51841060165255","3282538192"
"D4:22:CD:00:0C:E0","0.25207948684692383","0.24340158700942993","-0.07584953308105469","-119.22706737201078","15.119270228319303","7.1825689057253195","3282571526"
"D4:22:CD:00:0C:E0","0.12174910306930542","-0.061001602560281754","-0.12616252899169922","-120.45171020540356","15.382316480563068","6.593123937473697","3282604860"
"D4:22:CD:00:0C:E0","-0.15076208114624023","0.11372070759534836","-0.49203968048095703","-121.83728212119702","15.55555431635146","5.812151653393472","3282638194"
"D4:22:CD:00:0C:E0","-0.4688543975353241","0.7062445878982544","-0.8083906173706055","-123.55489102612337","15.710663426493404","4.974549877987259","3282671528"
"D4:22:CD:00:0C:E0","-0.6732196807861328","-0.4324863851070404","-0.5318117141723633","-125.54067859245642","15.998778023294035","4.2479679338968035","3282704862"
"D4:22:CD:00:0C:E0","-0.5436884760856628","-0.30420807003974915","-0.6267976760864258","-127.63612156643028","16.49579079893117","3.871740474385639","3282738196"
"D4:22:CD:00:0C:E0","-0.4774622917175293","0.2792161703109741","-0.8455972671508789","-129.97356785665502","17.047440547200626","3.6618130348083637","3282771530"
"D4:22:CD:00:0C:E0","0.24482963979244232","0.5793672800064087","-0.905421257019043","-132.74081403666304","17.57144205169888","3.3081228902331024","3282804864"
"D4:22:CD:00:0C:E0","-0.2288331240415573","-0.6470355987548828","-0.4198427200317383","-135.40931986909388","18.564051041118176","3.2951415502440744","3282838198"
"D4:22:CD:00:0C:E0","0.136158749461174","-0.7348142862319946","-0.6296901702880859","-138.07271843980038","19.791170125436967","3.3764749252203123","3282871532"
"D4:22:CD:00:0C:E0","0.5683144330978394","-0.09503748267889023","-0.739598274230957","-141.22090540478365","20.424463243908516","2.6657187327034895","3282904866"
"D4:22:CD:00:0C:E0","-0.05310670658946037","0.19822514057159424","-0.6877841949462891","-144.4995607130161","21.15574111480434","1.8851300051585504","3282938200"
"D4:22:CD:00:0C:E0","0.09665552526712418","-0.4631081223487854","-0.874908447265625","-147.8224756738311","22.423622000142466","1.397013488688525","3282971534"
"D4:22:CD:00:0C:E0","0.5635025501251221","-0.38017845153808594","-1.0875587463378906","-151.6766816157805","23.470002230226747","0.4926507112389522","3283004868"
"D4:22:CD:00:0C:E0","-0.20992785692214966","-0.6485347747802734","-1.0729522705078125","-155.90175033798306","24.4924675357008","-0.6347104437211353","3283038202"
"D4:22:CD:00:0C:E0","0.18935871124267578","-0.2144981175661087","-1.2866754531860352","-160.45425724055335","25.89705609677376","-1.8202594593431187","3283071536"
"D4:22:CD:00:0C:E0","0.3020312190055847","-1.1964235305786133","-0.34363269805908203","-165.47031201104247","26.994993734116466","-3.4955352735366962","3283104870"
"D4:22:CD:00:0C:E0","0.15116359293460846","-0.03686913102865219","-0.4403190612792969","-170.51584452684295","28.29989028664583","-5.279074357062906","3283138204"
"D4:22:CD:00:0C:E0","1.0999130010604858","-0.17920251190662384","-0.027479171752929688","-175.9606486862644","29.213038895383843","-7.447068163052499","3283171538"
"D4:22:CD:00:0C:E0","1.0958925485610962","-1.097748875617981","1.7662544250488281","178.51285960033005","29.43639202389172","-9.900249621773758","3283204872"
"D4:22:CD:00:0C:E0","0.3737802803516388","-0.7626800537109375","1.9098215103149414","173.67721773299814","29.496780849340034","-12.21679834578471","3283238206"
"D4:22:CD:00:0C:E0","1.833630919456482","-0.32714444398880005","1.2232465744018555","169.36149494440247","29.6164980331488","-14.530120611325277","3283271540"
"D4:22:CD:00:0C:E0","0.6719740033149719","-0.5893864631652832","2.4081621170043945","165.66055117115278","28.606423273185648","-16.573983029960424","3283304874"
"D4:22:CD:00:0C:E0","0.6776817440986633","-0.1521977335214615","1.8454656600952148","162.77350626093025","27.255010967692584","-18.217207488821604","3283338208"
"D4:22:CD:00:0C:E0","0.6505398154258728","-0.3373373746871948","1.0536365509033203","160.53603019002148","25.89156105117756","-19.603385001834216","3283371542"
"D4:22:CD:00:0C:E0","-0.1940242201089859","0.8216033577919006","1.7090435028076172","158.69815603091016","23.77899289160898","-20.515280004298987","3283404876"
"D4:22:CD:00:0C:E0","-0.09667878597974777","0.783391535282135","1.57537841796875","157.2953047591187","21.5088764677401","-21.107594290966897","3283438210"
"D4:22:CD:00:0C:E0","-0.6164403557777405","0.49026450514793396","-0.9609518051147461","155.99703551554992","19.135091216926885","-21.443306576253445","3283471544"
"D4:22:CD:00:0C:E0","-1.2348732948303223","0.7469537854194641","0.5973873138427734","154.36739524904138","17.329204238927566","-21.59994728177214","3283504878"
"D4:22:CD:00:0C:E0","-0.5217059850692749","0.4022637605667114","1.3317794799804688","153.06922263349793","16.16531114927723","-21.521446388408997","3283538212"
"D4:22:CD:00:0C:E0","-0.6961814761161804","-0.2593132555484772","-0.2675943374633789","152.0667516414028","15.172835461343167","-21.46034972856337","3283571546"
"D4:22:CD:00:0C:E0","-0.597201943397522","-0.4547925293445587","0.1381063461303711","150.9824161988391","14.447311729228938","-21.47666831846914","3283604880"
"D4:22:CD:00:0C:E0","-0.3300155997276306","-0.6256132125854492","0.5526790618896484","150.21682670079878","13.962587837957422","-21.489661334737505","3283638214"
"D4:22:CD:00:0C:E0","-1.1323121786117554","-0.5444172024726868","0.5712871551513672","149.91486119445668","13.358164759303323","-21.400608809094756","3283671548"
"D4:22:CD:00:0C:E0","-0.8093523979187012","-0.9897929430007935","0.7654743194580078","150.25266308895434","12.544765646015616","-21.113843136913864","3283704882"
"D4:22:CD:00:0C:E0","-1.237347960472107","-0.8065760135650635","1.124678611755371","151.33696161669633","11.89552430242363","-20.812903917326057","3283738216"
"D4:22:CD:00:0C:E0","-0.6466732621192932","-0.45925140380859375","1.8972063064575195","153.08155540073633","11.82645027400135","-20.632745615871755","3283771550"
"D4:22:CD:00:0C:E0","-0.5279483199119568","-0.21985650062561035","1.8688421249389648","155.51862570501564","12.084878272580616","-20.480482026144998","3283804884"
"D4:22:CD:00:0C:E0","-0.6357586979866028","-0.13626623153686523","2.755208969116211","158.6786546807644","12.660352785802992","-20.244421923882065","3283838218"
"D4:22:CD:00:0C:E0","0.09322270005941391","-0.29084333777427673","3.1362504959106445","162.88324750476806","13.876719120387387","-19.971541246926986","3283871552"
"D4:22:CD:00:0C:E0","0.2370934933423996","-0.5763909816741943","3.9316654205322266","168.0482352666333","14.989989191965101","-19.458154177101296","3283904886"
"D4:22:CD:00:0C:E0","0.1749422252178192","-1.3029755353927612","3.3191652297973633","174.25584865199048","15.67728296939281","-18.766674725449406","3283938220"
"D4:22:CD:00:0C:E0","-0.8257899880409241","0.16793964803218842","2.862912178039551","-178.88141871582204","16.518900435359974","-17.80912295358341","3283971554"
"D4:22:CD:00:0C:E0","-0.5761775374412537","-0.4779966473579407","1.5457067489624023","-171.2614359462864","17.62493635210074","-16.311212840415436","3284004888"
"D4:22:CD:00:0C:E0","-0.4022468328475952","-0.015227044001221657","1.1416101455688477","-163.22153204349968","19.138539790646853","-13.980840672653608","3284038222"
"D4:22:CD:00:0C:E0","0.2621617913246155","-1.663228988647461","0.3901023864746094","-154.83503644074116","20.211650529059913","-10.983076627187438","3284071556"
"D4:22:CD:00:0C:E0","0.2266397625207901","-1.6048413515090942","-1.484419822692871","-146.66500045905045","19.9723844542403","-8.18840829068316","3284104890"
"D4:22:CD:00:0C:E0","-0.4052904546260834","-1.411799430847168","-2.832211494445801","-138.9275526434206","19.06215302022422","-5.828287815752563","3284138224"
"D4:22:CD:00:0C:E0","-0.8035240173339844","-1.7128393650054932","-3.201205253601074","-131.7994358364379","17.90330580920338","-3.765589253249894","3284171558"
"D4:22:CD:00:0C:E0","-0.6135707497596741","-1.2391794919967651","-3.7146663665771484","-125.3475658101922","16.677059271449483","-1.9152589762200476","3284204892"
"D4:22:CD:00:0C:E0","-0.35903558135032654","-0.3473462760448456","-3.4505820274353027","-119.70767142044156","15.409765075846158","-0.3978327099028331","3284238226"
"D4:22:CD:00:0C:E0","0.1845850795507431","0.402072548866272","-2.766961097717285","-114.7550934177898","14.26346120883138","0.9702962901159158","3284271560"
"D4:22:CD:00:0C:E0","-0.28564155101776123","1.8509353399276733","-2.172797679901123","-110.60096728014841","13.218443267675763","1.9833784324408996","3284304894"
"D4:22:CD:00:0C:E0","-0.35378068685531616","2.567004680633545","-1.3135089874267578","-107.15850412061342","12.410089935132067","3.164338461968619","3284338228"
"D4:22:CD:00:0C:E0","0.16710533201694489","2.972395658493042","-1.0833101272583008","-104.4350184251551","11.82471006128897","4.881638222690982","3284371562"
"D4:22:CD:00:0C:E0","0.7401585578918457","2.6010749340057373","-1.2593984603881836","-102.6036985630563","11.432693609361786","6.832081356043048","3284404896"
"D4:22:CD:00:0C:E0","1.7494821548461914","2.4529948234558105","-1.769744873046875","-101.8671303829504","11.328782446693552","8.467777655881088","3284438230"
"D4:22:CD:00:0C:E0","1.778681993484497","2.2514290809631348","-2.0309009552001953","-102.51304147819648","11.481702647571293","8.945420720066068","3284471564"
"D4:22:CD:00:0C:E0","1.2030231952667236","2.113178014755249","-1.8803043365478516","-104.37794932220115","11.852323615004392","8.487364234807044","3284504898"
"D4:22:CD:00:0C:E0","0.6832377314567566","2.376793146133423","-1.8546438217163086","-107.1686064918281","12.402467024373463","7.732511747157492","3284538232"
"D4:22:CD:00:0C:E0","0.42477765679359436","2.486839771270752","-2.0199246406555176","-110.70277520489586","13.247970465128683","7.126915856274725","3284571566"
"D4:22:CD:00:0C:E0","-0.021080471575260162","1.818833589553833","-2.1207165718078613","-114.93434226151996","14.532008969208292","6.749572263923734","3284604900"
"D4:22:CD:00:0C:E0","-0.6144136190414429","1.0404058694839478","-2.46901273727417","-119.58485595773422","16.524516195140215","7.044124704154139","3284638234"
"D4:22:CD:00:0C:E0","0.06878919899463654","0.6241682171821594","-2.879084587097168","-124.93293671023879","19.06259383442997","7.452896366407973","3284671568"
"D4:22:CD:00:0C:E0","0.39847224950790405","-0.5209959745407104","-2.8791489601135254","-130.75334353349652","22.26963817361518","7.688325438418257","3284704902"
"D4:22:CD:00:0C:E0","1.269696593284607","-2.2989771366119385","-2.1390132904052734","-137.13115967345024","25.6492411785545","6.951761099979006","3284738236"
"D4:22:CD:00:0C:E0","0.46595895290374756","-1.595568299293518","-2.3585166931152344","-144.67139223853073","27.756391017673337","3.990160137209436","3284771570"
"D4:22:CD:00:0C:E0","-0.5664363503456116","-1.8685358762741089","-1.076735496520996","-152.40708204565988","30.51628853219111","1.2343397309464876","3284804904"
"D4:22:CD:00:0C:E0","1.6952252388000488","-4.430793285369873","0.4286203384399414","-161.04655305034063","31.475217257703573","-3.0051738042905005","3284838238"
"D4:22:CD:00:0C:E0","-0.9648695588111877","-1.3487508296966553","-1.3110570907592773","-169.8766967118128","31.02892132158383","-7.894109737540835","3284871572"
"D4:22:CD:00:0C:E0","1.9548625946044922","-3.2952895164489746","2.654892921447754","-178.84708101827653","29.88216384213811","-12.339651867235332","3284904906"
"D4:22:CD:00:0C:E0","0.227068230509758","-2.2015674114227295","2.5447616577148438","173.168286836681","25.866901980000588","-16.14979621863738","3284938240"
"D4:22:CD:00:0C:E0","-1.8385883569717407","0.25612571835517883","1.335062026977539","166.04332993296788","22.1569007136106","-18.783895333081656","3284971574"
"D4:22:CD:00:0C:E0","-0.310960978269577","-0.9837130308151245","4.003929138183594","159.77130697657066","17.898755167592174","-19.89857035859118","3285004908"
"D4:22:CD:00:0C:E0","-1.7268210649490356","0.625190794467926","2.744338035583496","154.73880618084758","13.938390216900356","-20.25117023842069","3285038242"
"D4:22:CD:00:0C:E0","-1.9011082649230957","2.839597463607788","3.8712844848632812","150.5730245910247","11.913412233519917","-20.53438551077863","3285071576"
"D4:22:CD:00:0C:E0","-1.4745917320251465","3.216660976409912","4.552095413208008","147.70374443754935","12.24274732193434","-21.16384574936455","3285104910"
"D4:22:CD:00:0C:E0","1.2418822050094604","2.170994758605957","3.5276193618774414","146.34139607703997","12.927476393820664","-21.218941997250983","3285138244"
"D4:22:CD:00:0C:E0","-0.3039650022983551","2.453514814376831","2.558725357055664","146.6549048372957","12.788220882136784","-20.879082522489433","3285171578"
"D4:22:CD:00:0C:E0","0.5537816882133484","0.6202991604804993","4.220224380493164","148.61903819034436","11.92045744027628","-20.294149216484218","3285204912"
"D4:22:CD:00:0C:E0","0.10948672890663147","0.5455073118209839","4.187860488891602","152.2204695880268","10.6477277122113","-18.937813048026364","3285238246"
"D4:22:CD:00:0C:E0","0.3186585605144501","0.4846690595149994","4.262413024902344","157.08111076152863","9.589968577095284","-17.712074626581433","3285271580"
"D4:22:CD:00:0C:E0","-0.7284104228019714","-0.6771881580352783","3.5900707244873047","163.095970854477","9.066350688489662","-16.72527505032578","3285304914"
"D4:22:CD:00:0C:E0","-1.0186491012573242","-1.0882117748260498","3.0514049530029297","169.95889340761374","9.380855600975883","-15.84560795321322","3285338248"
"D4:22:CD:00:0C:E0","-1.269877314567566","-1.9507420063018799","1.9778690338134766","177.56356666507867","10.635500559248268","-14.920756948550114","3285371582"
"D4:22:CD:00:0C:E0","-0.7038325667381287","-2.200282573699951","1.249302864074707","-174.3924201183014","12.620345170170912","-13.51372698737933","3285404916"
"D4:22:CD:00:0C:E0","0.25771552324295044","-2.7152881622314453","0.09017181396484375","-166.0635056910994","14.2546177257122","-11.595767877725395","3285438250"
"D4:22:CD:00:0C:E0","-0.06262446194887161","-3.0083935260772705","-1.0582399368286133","-157.67888204561328","14.946706120261215","-9.590229817592501","3285471584"
"D4:22:CD:00:0C:E0","-0.335176020860672","-2.3116586208343506","-2.332089424133301","-149.57186238097054","14.924822223035488","-7.7604910797638365","3285504918"
"D4:22:CD:00:0C:E0","-0.5887507796287537","-2.200302839279175","-2.8759751319885254","-141.89465826346316","14.618803337559422","-6.052937558396893","3285538252"
"D4:22:CD:00:0C:E0","-0.24806548655033112","-1.5143333673477173","-3.7592759132385254","-134.73703962629358","14.114768579056374","-4.502180650111794","3285571586"
"D4:22:CD:00:0C:E0","-0.19347064197063446","-0.9308074116706848","-3.730058193206787","-128.31798489567032","13.5277692821143","-3.13930592404605","3285604920"
"D4:22:CD:00:0C:E0","0.10537979006767273","-0.18992678821086884","-3.6177821159362793","-122.62204420854","13.032044352108649","-1.935853808438628","3285638254"
"D4:22:CD:00:0C:E0","0.4971846640110016","1.468603253364563","-2.7188563346862793","-117.72109349742234","12.673169078619416","-0.8765489090291044","3285671588"
"D4:22:CD:00:0C:E0","-0.48474451899528503","1.8068865537643433","-1.4535026550292969","-113.42610509449929","12.555214482204601","0.28133991794764557","3285704922"
"D4:22:CD:00:0C:E0","-0.44856640696525574","3.456573009490967","-0.925511360168457","-109.60154063448414","12.575587697171407","2.018544299010861","3285738256"
"D4:22:CD:00:0C:E0","0.5799371004104614","3.7172296047210693","-0.7452888488769531","-106.54339964856663","12.599738317712958","4.290262128614885","3285771590"
"D4:22:CD:00:0C:E0","1.4084945917129517","3.0754759311676025","-1.3069162368774414","-104.51073198580181","12.63865248800336","6.478876364471422","3285804924"
"D4:22:CD:00:0C:E0","2.317945718765259","2.7991411685943604","-2.2126994132995605","-103.8006131193585","12.882851147000133","8.053945305974297","3285838258"
"D4:22:CD:00:0C:E0","1.954690933227539","2.6490907669067383","-2.508361339569092","-104.63869668695037","13.39037346482935","8.550530808651978","3285871592"
"D4:22:CD:00:0C:E0","1.1845518350601196","2.926332473754883","-2.5030713081359863","-106.94781430192485","14.087360460902426","8.283468781931033","3285904926"
"D4:22:CD:00:0C:E0","0.4118151366710663","2.5560946464538574","-2.6479835510253906","-110.39624778894105","15.050916365448225","7.8571934697725245","3285938260"
"D4:22:CD:00:0C:E0","0.24275770783424377","1.8033438920974731","-2.511079788208008","-114.75451920348544","16.375487454253218","7.35795335595996","3285971594"
"D4:22:CD:00:0C:E0","0.2576286792755127","1.5972379446029663","-2.444483757019043","-119.81864945827483","18.146828512106698","6.750399049650934","3286004928"
"D4:22:CD:00:0C:E0","0.31006133556365967","0.5569422245025635","-2.0013294219970703","-125.47591946027451","20.306381927489465","6.179124196312577","3286038262"
"D4:22:CD:00:0C:E0","0.2748381197452545","-0.20008879899978638","-1.6379451751708984","-131.48930627966578","22.70588595989782","5.342623624851274","3286071596"
"D4:22:CD:00:0C:E0","-0.1744891256093979","-0.9029948115348816","-0.6862697601318359","-137.5216321820199","25.551445768545523","4.601303142115004","3286104930"
"D4:22:CD:00:0C:E0","-1.016659140586853","-1.5337166786193848","-0.31253910064697266","-143.30813759652506","28.61065561596534","3.872720484294416","3286138264"
"D4:22:CD:00:0C:E0","0.41777315735816956","-0.5791091918945312","-1.1248493194580078","-149.24610865762511","32.12685816760226","3.034252270346903","3286171598"
"D4:22:CD:00:0C:E0","1.6786316633224487","-1.8467315435409546","-0.4431905746459961","-156.18361286222344","34.89377549515371","0.6419781188734964","3286204932"
"D4:22:CD:00:0C:E0","0.7661242485046387","-2.6068365573883057","0.32184600830078125","-164.03993511567617","36.02741723006452","-3.539218856925857","3286238266"
"D4:22:CD:00:0C:E0","-0.1358877718448639","-1.5411531925201416","-0.16695308685302734","-172.23887590149965","36.18866377211895","-8.128197806788732","3286271600"
"D4:22:CD:00:0C:E0","0.09914801269769669","-2.2955191135406494","1.267439842224121","179.49000957115146","35.775639881631946","-12.655937183378116","3286304934"
"D4:22:CD:00:0C:E0","1.5616029500961304","-2.6097543239593506","1.8586454391479492","171.7845967952789","34.18631216784725","-16.934144102096493","3286338268"
"D4:22:CD:00:0C:E0","0.638504683971405","-2.559379816055298","0.6672554016113281","165.01397271555277","30.25176391570551","-20.33371456778728","3286371602"
"D4:22:CD:00:0C:E0","-0.6438566446304321","0.132195845246315","3.573615074157715","159.10412089461767","26.608002090860687","-22.861506441797058","3286404936"
"D4:22:CD:00:0C:E0","-2.3713605403900146","2.2097392082214355","3.4534225463867188","154.525908033072","24.568998894056353","-24.992413921288374","3286438270"
"D4:22:CD:00:0C:E0","-2.6825950145721436","1.3433102369308472","3.559375762939453","150.81203882179852","24.829595024027203","-27.17989278402578","3286471604"
"D4:22:CD:00:0C:E0","-0.1753203272819519","0.8002564907073975","3.476212501525879","148.04223140095215","26.74442125310975","-29.38133441382561","3286504938"
"D4:22:CD:00:0C:E0","0.67057865858078","0.9534127116203308","2.6949501037597656","146.89630426673813","28.118340273049366","-31.081591055567866","3286538272"
"D4:22:CD:00:0C:E0","0.17452867329120636","1.5783580541610718","3.735501289367676","147.48170490692854","28.706598204753085","-31.853855599771038","3286571606"
"D4:22:CD:00:0C:E0","-0.47777682542800903","1.5135588645935059","3.536505699157715","149.54570859399954","29.705271996937366","-31.785551159598942","3286604940"
"D4:22:CD:00:0C:E0","0.2932940423488617","0.03162384405732155","3.318087577819824","152.95281825090757","30.971744390707308","-30.768154870776012","3286638274"
"D4:22:CD:00:0C:E0","0.5872108936309814","-0.44698289036750793","2.605961799621582","157.7659999933837","31.24240240620127","-28.650824200508097","3286671608"
"D4:22:CD:00:0C:E0","0.5243166089057922","-1.0596647262573242","3.419208526611328","163.6090113930907","30.14813851425553","-25.787039715938302","3286704942"
"D4:22:CD:00:0C:E0","-0.4581587314605713","-1.087450623512268","2.8428525924682617","170.3323450661018","28.237324205262766","-22.58883774194036","3286738276"
"D4:22:CD:00:0C:E0","-0.8887220621109009","-1.4188470840454102","2.8241281509399414","177.6811827296859","26.739706116510714","-19.43854925012212","3286771610"
"D4:22:CD:00:0C:E0","-1.2225347757339478","-1.636221170425415","2.046964645385742","-174.42434653705885","25.67934571242042","-16.38839773348478","3286804944"
"D4:22:CD:00:0C:E0","-1.1792458295822144","-1.7403972148895264","0.6495685577392578","-166.13541753762908","25.261526777016662","-13.296916616437912","3286838278"
"D4:22:CD:00:0C:E0","-0.43217340111732483","-2.0674526691436768","0.7827730178833008","-157.6227231360815","25.278324551528197","-9.94700648416598","3286871612"
"D4:22:CD:00:0C:E0","-0.35238930583000183","-2.8058724403381348","-1.0297164916992188","-148.97855942104616","24.937154581582757","-6.5836529807146755","3286904946"
"D4:22:CD:00:0C:E0","-0.010805565863847733","-1.1901516914367676","-2.820064067840576","-140.85475788497587","23.93307956816144","-3.6726012255100557","3286938280"
"D4:22:CD:00:0C:E0","0.238576278090477","-2.1678645610809326","-2.511146068572998","-133.3188937600363","22.675133147513602","-1.1610971434948227","3286971614"
"D4:22:CD:00:0C:E0","-0.459385484457016","-0.6205536723136902","-3.819523334503174","-126.44558210594901","21.030077795233435","0.7113405406468136","3287004948"
"D4:22:CD:00:0C:E0","-0.12460523098707199","0.2646145224571228","-3.7903943061828613","-120.46052549378987","19.354637354479866","2.342224150695537","3287038282"
"D4:22:CD:00:0C:E0","1.2957801818847656","0.3683716952800751","-3.816257953643799","-115.37781693973739","17.93208558068562","3.7912540239243304","3287071616"
"D4:22:CD:00:0C:E0","0.28997552394866943","0.6328523755073547","-3.2389440536499023","-111.23849424746187","16.64670349940865","4.668166475359152","3287104950"
"D4:22:CD:00:0C:E0","1.108703374862671","1.5874944925308228","-2.3383026123046875","-107.97302009492866","15.62535900239892","5.1148166709334975","3287138284"
"D4:22:CD:00:0C:E0","0.9186035990715027","2.3696277141571045","-1.557417869567871","-105.56930098541673","14.99345568035039","5.331211057852106","3287171618"
"D4:22:CD:00:0C:E0","0.8094025254249573","2.7903943061828613","-0.662816047668457","-103.82876742106669","14.752230562378976","5.5896425170157675","3287204952"
"D4:22:CD:00:0C:E0","1.24783456325531","2.8641159534454346","-0.4629364013671875","-102.69047454464562","14.86733524342194","5.977329021115979","3287238286"
"D4:22:CD:00:0C:E0","1.045525074005127","2.5520761013031006","-0.7266511917114258","-102.24000325542606","15.318313909365509","6.172653753395912","3287271620"
"D4:22:CD:00:0C:E0","0.8178461790084839","2.439748525619507","-1.1437368392944336","-102.61808075357621","16.057185839515085","6.136731794363775","3287304954"
"D4:22:CD:00:0C:E0","0.8892149925231934","2.07726788520813","-1.5526561737060547","-103.81875436092545","17.11021008981891","6.153225115539497","3287338288"
"D4:22:CD:00:0C:E0","0.9370266795158386","2.1397757530212402","-1.9685516357421875","-105.88258911115348","18.49610442603429","6.116703125678261","3287371622"
"D4:22:CD:00:0C:E0","0.632064700126648","1.7482452392578125","-2.2145838737487793","-108.93127036720134","20.21152315762053","5.667370565961642","3287404956"
"D4:22:CD:00:0C:E0","0.6611332297325134","0.666168749332428","-1.9640097618103027","-112.7688736566289","22.255984523392197","4.98101841423479","3287438290"
"D4:22:CD:00:0C:E0","0.3654087781906128","0.45285043120384216","-2.0067009925842285","-117.22414722816167","24.537360750961174","4.047049547185706","3287471624"
"D4:22:CD:00:0C:E0","0.18136811256408691","0.3375503718852997","-1.9178919792175293","-122.3596946964235","26.933907815677756","2.7634843848840815","3287504958"
"D4:22:CD:00:0C:E0","0.2256128340959549","-0.06486234068870544","-1.6299982070922852","-128.18363801090823","29.227656029566088","0.9337924600439779","3287538292"
"D4:22:CD:00:0C:E0","-0.08933310210704803","0.0051919822581112385","-2.0954480171203613","-134.40296553089206","31.65168732139701","-1.2109161555593306","3287571626"
"D4:22:CD:00:0C:E0","0.8552794456481934","-0.5364187955856323","-2.6729063987731934","-141.61963858177555","33.80748531441447","-4.1918602665746825","3287604960"
"D4:22:CD:00:0C:E0","-0.5853065848350525","-0.9019477367401123","-1.0445756912231445","-150.2541046155453","34.41477959742462","-8.738643368023281","3287638294"
"D4:22:CD:00:0C:E0","-0.0813380777835846","-1.8733752965927124","-1.0803508758544922","-158.92018107126387","34.86381923850899","-13.116611764405341","3287671628"
"D4:22:CD:00:0C:E0","0.042462319135665894","-2.6307711601257324","-0.4008064270019531","-167.89465243651276","33.573699332307804","-17.765072398035528","3287704962"
"D4:22:CD:00:0C:E0","-2.447997570037842","-0.42389994859695435","-0.2414875030517578","-176.4891589834821","32.015992801587856","-21.665399647747176","3287738296"
"D4:22:CD:00:0C:E0","-1.381377100944519","-1.8718794584274292","2.668330192565918","175.48577230862847","30.53895448278615","-24.651332502736153","3287771630"
"D4:22:CD:00:0C:E0","-0.5067235231399536","-2.6444554328918457","2.274613380432129","168.5278663024852","28.198958573199373","-26.859587521665645","3287804964"
"D4:22:CD:00:0C:E0","-0.1840115338563919","-1.144090175628662","2.1590662002563477","162.39175027644018","26.207305903632093","-28.39353350194361","3287838298"
"D4:22:CD:00:0C:E0","-0.07420040667057037","-0.06568554043769836","3.8495655059814453","157.32067148572904","23.136358419522203","-28.758071965668574","3287871632"
"D4:22:CD:00:0C:E0","0.0688769668340683","5.4385666847229","6.465707778930664","154.63981470374569","21.987323638505842","-28.527143329380074","3287904966"
"D4:22:CD:00:0C:E0","1.1807137727737427","2.315512180328369","4.707156181335449","153.49017193705058","22.838435765593562","-28.953614388006944","3287938300"
"D4:22:CD:00:0C:E0","1.3762378692626953","2.7379043102264404","2.6781978607177734","152.6999285632798","23.54721427152393","-29.247196807992633","3287971634"
"D4:22:CD:00:0C:E0","0.6702027916908264","0.9263914823532104","0.12674236297607422","152.42759624806052","24.48071060625631","-29.541365143913946","3288004968"
"D4:22:CD:00:0C:E0","-0.08427128195762634","-0.707184910774231","-1.0945329666137695","152.0162845759801","25.155795254639237","-29.959314075478122","3288038302"
"D4:22:CD:00:0C:E0","-0.047817301005125046","-0.6306495070457458","-1.200927734375","151.3798349651333","25.529964203524727","-30.338403940586662","3288071636"
"D4:22:CD:00:0C:E0","0.1485661268234253","-0.44096100330352783","-0.3232593536376953","150.86370718730268","25.93879832923035","-30.6885747964609","3288104970"
"D4:22:CD:00:0C:E0","0.3738034665584564","0.22387225925922394","0.48139381408691406","150.33430518863233","26.60267383870585","-31.26594080184666","3288138304"
"D4:22:CD:00:0C:E0","0.3781818151473999","0.5190867185592651","0.4509592056274414","149.8701581294548","27.2906167783482","-31.940778860365317","3288171638"
"D4:22:CD:00:0C:E0","-0.042830418795347214","0.4656810760498047","0.3493461608886719","149.42566211599822","28.303941646411857","-32.92211788725484","3288204972"
"D4:22:CD:00:0C:E0","-0.10138754546642303","0.02565213479101658","-0.15946197509765625","148.92237939177417","29.730794502519853","-34.3595238368413","3288238306"
"D4:22:CD:00:0C:E0","0.1569966971874237","-0.060290273278951645","-0.3636598587036133","148.42378031549802","31.10810376140308","-35.99390911633421","3288271640"
"D4:22:CD:00:0C:E0","0.1704394370317459","0.0790073573589325","-0.052481651306152344","147.91626058366643","32.65467006774385","-38.01169942945806","3288304974"
"D4:22:CD:00:0C:E0","0.3261556625366211","0.3233884871006012","0.0050830841064453125","147.37787370897925","34.248021682251064","-40.23425104412761","3288338308"
"D4:22:CD:00:0C:E0","0.15334653854370117","0.4584212601184845","0.09767341613769531","146.78950919402092","35.786159732548676","-42.448386406760775","3288371642"
"D4:22:CD:00:0C:E0","-0.40133577585220337","0.6243398785591125","0.4107780456542969","146.6052925632977","36.40799474286023","-43.4855229210266","3288404976"
"D4:22:CD:00:0C:E0","-0.42086175084114075","0.41185837984085083","-0.09487247467041016","146.95196779959275","35.92414975361197","-42.92929222744923","3288438310"
"D4:22:CD:00:0C:E0","0.2570000886917114","0.2525077164173126","0.04016876220703125","147.20787292614824","35.551261018894344","-42.4090587342294","3288471644"
"D4:22:CD:00:0C:E0","0.2745957374572754","0.30557501316070557","0.1997051239013672","147.18072064485605","35.963696237227914","-42.70197795660422","3288504978"
"D4:22:CD:00:0C:E0","0.13556461036205292","0.4976719319820404","0.32450294494628906","146.96878175315135","36.960974490755824","-43.548835468611195","3288538312"
"D4:22:CD:00:0C:E0","-0.05856237933039665","0.328512579202652","0.016422271728515625","146.69785020515457","38.01668035703092","-44.52515028045741","3288571646"
"D4:22:CD:00:0C:E0","-0.13185472786426544","0.3085130453109741","0.04019641876220703","146.48866566456797","38.6421733876774","-45.105145966369264","3288604980"
"D4:22:CD:00:0C:E0","0.03696814924478531","0.265102356672287","0.08932304382324219","146.39646662716993","38.88577546911932","-45.35807461651378","3288638314"
"D4:22:CD:00:0C:E0","0.09969688951969147","0.2375779002904892","-0.1217355728149414","146.36268730565513","39.03286841327588","-45.52949885544674","3288671648"
"D4:22:CD:00:0C:E0","0.09542801976203918","0.3612945079803467","-0.0060443878173828125","146.25780122535565","39.17043101822923","-45.75505753060275","3288704982"
"D4:22:CD:00:0C:E0","0.10207534581422806","0.49923020601272583","0.2781200408935547","146.21666072347455","39.20065606047594","-45.88558198601412","3288738316"
"D4:22:CD:00:0C:E0","0.08340346813201904","0.32343122363090515","0.032637596130371094","146.22451331150066","39.264431271485726","-46.00825153459222","3288771650"
"D4:22:CD:00:0C:E0","-0.03136420249938965","0.29898959398269653","-0.1105804443359375","146.13053162497872","39.41789276929214","-46.23456697496688","3288804984"
"D4:22:CD:00:0C:E0","-0.0467153824865818","0.3351406455039978","0.06221485137939453","146.01327314967617","39.527593152756154","-46.44094089678673","3288838318"
"D4:22:CD:00:0C:E0","-0.04325243830680847","0.41180506348609924","-0.0031919479370117188","145.90651559430935","39.53153383582763","-46.56862971830656","3288871652"
"D4:22:CD:00:0C:E0","-0.06318610906600952","0.3932778537273407","0.07092094421386719","145.82134399090071","39.47899059158323","-46.6374841795699","3288904986"
"D4:22:CD:00:0C:E0","-0.022127922624349594","0.3934067189693451","0.09868431091308594","145.75996970336982","39.43011246812978","-46.68948369146842","3288938320"
"D4:22:CD:00:0C:E0","-0.048584118485450745","0.35670164227485657","0.015979766845703125","145.72704349185707","39.41628367770208","-46.752728224151525","3288971654"
"D4:22:CD:00:0C:E0","-0.01695295423269272","0.36904576420783997","0.05907440185546875","145.69712729502942","39.41011731067911","-46.81698281820313","3289004988"
"D4:22:CD:00:0C:E0","-0.01372051052749157","0.4397178888320923","0.07752132415771484","145.6793749277194","39.42780453165227","-46.89069487459273","3289038322"
"D4:22:CD:00:0C:E0","-0.0016671831253916025","0.4588566720485687","0.03539276123046875","145.65719406920095","39.41999702203263","-46.950506896625306","3289071656"
"D4:22:CD:00:0C:E0","0.010090730153024197","0.44657257199287415","0.10519218444824219","145.63990940816558","39.452497228961725","-47.044241569428735","3289104990"
"D4:22:CD:00:0C:E0","-0.020811906084418297","0.40643343329429626","0.012353897094726562","145.62477445982552","39.46972185477616","-47.130960980144266","3289138324"
"D4:22:CD:00:0C:E0","-0.05328277871012688","0.4105061888694763","0.009479522705078125","145.60739219524226","39.45824272049365","-47.20569574901967","3289171658"
"D4:22:CD:00:0C:E0","-0.0513586550951004","0.4419311583042145","0.04514598846435547","145.5861777127014","39.409003444467245","-47.25718923734342","3289204992"
"D4:22:CD:00:0C:E0","-0.06798242777585983","0.43863368034362793","0.057037353515625","145.5731276012674","39.3480022265235","-47.29642728504469","3289238326"
"D4:22:CD:00:0C:E0","-0.06206854060292244","0.4658017158508301","0.08714580535888672","145.56371531198565","39.291546139719685","-47.33287031770626","3289271660"
"D4:22:CD:00:0C:E0","-0.0632714182138443","0.4631458818912506","0.011548995971679688","145.55194512863758","39.239637364868045","-47.376846890668396","3289304994"
"D4:22:CD:00:0C:E0","-0.06715802848339081","0.4593775272369385","0.06629467010498047","145.55100399432828","39.19444696983206","-47.41943462320752","3289338328"
"D4:22:CD:00:0C:E0","-0.06127199903130531","0.4407460391521454","0.031844139099121094","145.5457318840478","39.15210845580294","-47.46559122987861","3289371662"
"D4:22:CD:00:0C:E0","-0.08763792365789413","0.44228535890579224","0.04530525207519531","145.53562190041467","39.116098261605956","-47.510595837202914","3289404996"
"D4:22:CD:00:0C:E0","-0.08017148822546005","0.4565024673938751","0.06420516967773438","145.52477921517308","39.083612862940555","-47.55766965557649","3289438330"
"D4:22:CD:00:0C:E0","-0.07807568460702896","0.4774722456932068","0.057369232177734375","145.5192407965678","39.05903652505608","-47.60970058064234","3289471664"
"D4:22:CD:00:0C:E0","-0.08581837266683578","0.48887407779693604","0.038321495056152344","145.52970352344545","39.031145026404026","-47.651072200809644","3289504998"
"D4:22:CD:00:0C:E0","-0.07459316402673721","0.47980692982673645","0.06605148315429688","145.53678267169542","38.98197146211592","-47.682633422589795","3289538332"
"D4:22:CD:00:0C:E0","-0.09044969826936722","0.5085234045982361","0.04759693145751953","145.53631691728927","38.93388569292457","-47.72837443706203","3289571666"
"D4:22:CD:00:0C:E0","-0.10847863554954529","0.47411808371543884","0.007269859313964844","145.53761393979366","38.87771639818484","-47.762892757503074","3289605000"
"D4:22:CD:00:0C:E0","-0.10776291787624359","0.4657471477985382","0.07190513610839844","145.52887689943216","38.858807272482665","-47.81768004932327","3289638334"
"D4:22:CD:00:0C:E0","-0.10660373419523239","0.5046721696853638","0.05467510223388672","145.5057130606259","38.855597036545596","-47.88897763361665","3289671668"
"D4:22:CD:00:0C:E0","-0.07560264319181442","0.5316455960273743","0.057056427001953125","145.49411234273373","38.83943403334396","-47.94840985490978","3289705002"
"D4:22:CD:00:0C:E0","-0.10411831736564636","0.5095770955085754","0.0375213623046875","145.48260799245114","38.805107502516115","-48.00695143574315","3289738336"
"D4:22:CD:00:0C:E0","-0.10005554556846619","0.45976704359054565","0.02899169921875","145.4499761314263","38.768616169966734","-48.09204409327075","3289771670"
"D4:22:CD:00:0C:E0","-0.10343260318040848","0.501345157623291","0.05021953582763672","145.40045491732687","38.74927619282605","-48.192456035211265","3289805004"
"D4:22:CD:00:0C:E0","-0.1192440614104271","0.51814866065979","0.06386470794677734","145.34600926477634","38.74177110039673","-48.305939049033285","3289838338"
"D4:22:CD:00:0C:E0","-0.13475953042507172","0.5234286785125732","0.045200347900390625","145.29018902610252","38.72513485104117","-48.41542170044766","3289871672"
"D4:22:CD:00:0C:E0","-0.1375187486410141","0.5751457214355469","0.10350894927978516","145.25352406958956","38.668355601891","-48.48230629437266","3289905006"
"D4:22:CD:00:0C:E0","-0.16741184890270233","0.5208744406700134","-0.04051685333251953","145.2372248486567","38.613509432507186","-48.52919519719997","3289938340"
"D4:22:CD:00:0C:E0","-0.08711607754230499","0.5053631663322449","0.037685394287109375","145.21564020047956","38.56948009104689","-48.59450495075588","3289971674"
"D4:22:CD:00:0C:E0","-0.09615279734134674","0.4973721504211426","0.054497718811035156","145.21228643593824","38.549215653415715","-48.65869839562461","3290005008"
"D4:22:CD:00:0C:E0","-0.13080477714538574","0.5071749687194824","0.035205841064453125","145.21454531482337","38.526088855145304","-48.70736709825413","3290038342"
"D4:22:CD:00:0C:E0","-0.1398191899061203","0.5284811854362488","0.061661720275878906","145.21481802335157","38.50650434452596","-48.751484758434906","3290071676"
"D4:22:CD:00:0C:E0","-0.14564910531044006","0.549065351486206","0.02490711212158203","145.20622293106135","38.48772794456622","-48.80038797552734","3290105010"
"D4:22:CD:00:0C:E0","-0.15590007603168488","0.5597229599952698","0.04160022735595703","145.2016580458545","38.462854457629184","-48.83458933272881","3290138344"
"D4:22:CD:00:0C:E0","-0.1294967085123062","0.5783447623252869","0.07920074462890625","145.19935763471514","38.43638508926947","-48.86732510823053","3290171678"
"D4:22:CD:00:0C:E0","-0.11962512880563736","0.5280062556266785","0.017797470092773438","145.20885158364482","38.41427948519251","-48.90244598161036","3290205012"
"D4:22:CD:00:0C:E0","-0.16078181564807892","0.5311077237129211","0.018648147583007812","145.21127515319588","38.38986263807166","-48.943816110454165","3290238346"
"D4:22:CD:00:0C:E0","-0.15128761529922485","0.5784576535224915","0.08616828918457031","145.21912913558785","38.36458291535975","-48.98085337913721","3290271680"
"D4:22:CD:00:0C:E0","-0.1577032506465912","0.5749096274375916","0.046828269958496094","145.2247030711899","38.354030165760214","-49.026377023972856","3290305014"
"D4:22:CD:00:0C:E0","-0.1530197560787201","0.578411877155304","0.04013538360595703","145.23190993743466","38.35327676784807","-49.07218002158481","3290338348"
"D4:22:CD:00:0C:E0","-0.1350698322057724","0.5585805773735046","0.05180835723876953","145.24798635516743","38.33619024001604","-49.10125757044366","3290371682"
"D4:22:CD:00:0C:E0","-0.16827373206615448","0.563937783241272","0.05174446105957031","145.26030369316837","38.31242646158465","-49.12724882353115","3290405016"
"D4:22:CD:00:0C:E0","-0.16376805305480957","0.5524740219116211","0.047865867614746094","145.27140446028812","38.29316083817801","-49.15625119617985","3290438350"
"D4:22:CD:00:0C:E0","-0.17421378195285797","0.5886421799659729","0.04053211212158203","145.2668892689869","38.28681696598656","-49.20068013946014","3290471684"
"D4:22:CD:00:0C:E0","-0.18361765146255493","0.5922187566757202","0.027510643005371094","145.2629937409846","38.27838108402341","-49.24559759897761","3290505018"
"D4:22:CD:00:0C:E0","-0.15903258323669434","0.5896048545837402","0.06902790069580078","145.26738390537892","38.26046406852436","-49.27987058017959","3290538352"
"D4:22:CD:00:0C:E0","-0.1548876315355301","0.592766523361206","0.04718303680419922","145.2811878592958","38.23921210069408","-49.30675153112223","3290571686"
"D4:22:CD:00:0C:E0","-0.16770829260349274","0.5813069343566895","0.0234832763671875","145.2908346461901","38.2190400025092","-49.336432618910216","3290605020"
"D4:22:CD:00:0C:E0","-0.18532578647136688","0.576386034488678","0.023679733276367188","145.30083591591688","38.211424750951615","-49.37197679158464","3290638354"
"D4:22:CD:00:0C:E0","-0.17619700729846954","0.5954604744911194","0.07125282287597656","145.312090184561","38.2094732536814","-49.40847059288358","3290671688"
"D4:22:CD:00:0C:E0","-0.1791624277830124","0.6016222834587097","0.03922462463378906","145.3235269186545","38.206183208597125","-49.44221751284049","3290705022"
"D4:22:CD:00:0C:E0","-0.1923736184835434","0.5963053107261658","0.03978252410888672","145.32401449976555","38.19659207632638","-49.47453040504626","3290738356"
"D4:22:CD:00:0C:E0","-0.17192021012306213","0.6081257462501526","0.031205177307128906","145.33428192258532","38.18744973526666","-49.50364051888217","3290771690"
"D4:22:CD:00:0C:E0","-0.1893213838338852","0.6187813878059387","0.03816699981689453","145.34464402512486","38.17463327068013","-49.53190842690513","3290805024"
"D4:22:CD:00:0C:E0","-0.1923343986272812","0.5915495157241821","0.028150558471679688","145.36311155747114","38.160937351036296","-49.55904776116746","3290838358"
"D4:22:CD:00:0C:E0","-0.21091152727603912","0.5981351733207703","0.049686431884765625","145.35674871444294","38.152841766110086","-49.59694685877736","3290871692"
"D4:22:CD:00:0C:E0","-0.19232822954654694","0.617282509803772","0.04465198516845703","145.3570358129624","38.16169310064731","-49.64295148341055","3290905026"
"D4:22:CD:00:0C:E0","-0.1971272975206375","0.6326342821121216","0.04769611358642578","145.36484318313816","38.146414581114676","-49.67550848313398","3290938360"
"D4:22:CD:00:0C:E0","-0.20758509635925293","0.6069392561912537","0.05205345153808594","145.38172345228918","38.15295468117897","-49.71191720581361","3290971694"
"D4:22:CD:00:0C:E0","-0.19673621654510498","0.6065433621406555","0.049798011779785156","145.3843117609229","38.17574104556067","-49.76506488842804","3291005028"
"D4:22:CD:00:0C:E0","-0.18560993671417236","0.620639979839325","0.04575347900390625","145.3849424021338","38.18574219133044","-49.805324573301675","3291038362"
"D4:22:CD:00:0C:E0","-0.19952566921710968","0.6246540546417236","0.024082183837890625","145.39881281251775","38.18484281405235","-49.835063563693815","3291071696"
"D4:22:CD:00:0C:E0","-0.19229041039943695","0.6293164491653442","0.05551624298095703","145.41060791004875","38.17892979353352","-49.86247198414868","3291105030"
"D4:22:CD:00:0C:E0","-0.21682772040367126","0.6145707368850708","0.010266304016113281","145.41138822317478","38.17674891812127","-49.9014286371415","3291138364"
"D4:22:CD:00:0C:E0","-0.2228783518075943","0.6456342935562134","0.011881828308105469","145.40494412685013","38.16597582975907","-49.93641348068887","3291171698"
"D4:22:CD:00:0C:E0","-0.1912974864244461","0.6258701086044312","0.06309986114501953","145.4009895448048","38.14925028954779","-49.96735206783021","3291205032"
"D4:22:CD:00:0C:E0","-0.19535614550113678","0.642052948474884","0.05745887756347656","145.39779407264066","38.13580227989727","-50.00235914857382","3291238366"
"D4:22:CD:00:0C:E0","-0.2073153555393219","0.6244404911994934","0.005541801452636719","145.39612896780795","38.12434932624639","-50.03610046627875","3291271700"
"D4:22:CD:00:0C:E0","-0.20422084629535675","0.6402705907821655","0.057193756103515625","145.3978308969596","38.113241069885525","-50.06546742879732","3291305034"
"D4:22:CD:00:0C:E0","-0.2303244173526764","0.6240898370742798","0.013949394226074219","145.41080228534216","38.10514643339931","-50.0945691476293","3291338368"
"D4:22:CD:00:0C:E0","-0.22749078273773193","0.6266477108001709","0.023843765258789062","145.41881990391377","38.09677930149492","-50.12127661876769","3291371702"
"D4:22:CD:00:0C:E0","-0.21301573514938354","0.6530718207359314","0.07645988464355469","145.427434604823","38.080650972690144","-50.14295973726833","3291405036"
"D4:22:CD:00:0C:E0","-0.22977280616760254","0.6532999277114868","0.033232688903808594","145.43578934866932","38.07328875109252","-50.1690907437667","3291438370"
"D4:22:CD:00:0C:E0","-0.21348346769809723","0.6303032636642456","0.01863384246826172","145.44471922595847","38.06469103081858","-50.19299066550267","3291471704"
"D4:22:CD:00:0C:E0","-0.219644233584404","0.6606236100196838","0.049706459045410156","145.44939379919933","38.04703893928813","-50.21669642514003","3291505038"
"D4:22:CD:00:0C:E0","-0.21165980398654938","0.6459981203079224","0.034397125244140625","145.45955456441877","38.03386553267511","-50.239124467237005","3291538372"
"D4:22:CD:00:0C:E0","-0.20618820190429688","0.6419599652290344","0.02630138397216797","145.47124894539874","38.02254991585643","-50.26049894918094","3291571706"
"D4:22:CD:00:0C:E0","-0.22799858450889587","0.6479377746582031","0.06852531433105469","145.46485416229012","38.008262652226755","-50.28983270103439","3291605040"
"D4:22:CD:00:0C:E0","-0.24348394572734833","0.6654141545295715","0.030493736267089844","145.47627783496839","37.992465809898896","-50.314779054496896","3291638374"
"D4:22:CD:00:0C:E0","-0.22929181158542633","0.6233272552490234","0.019779205322265625","145.49474204900093","37.974068618714504","-50.330475220018506","3291671708"
"D4:22:CD:00:0C:E0","-0.2364606112241745","0.66126549243927","0.07937908172607422","145.5031067270996","37.981975466140085","-50.362925381569156","3291705042"
"D4:22:CD:00:0C:E0","-0.20762962102890015","0.666756808757782","0.03521919250488281","145.51306378178958","38.00401948980769","-50.39653102495669","3291738376"
"D4:22:CD:00:0C:E0","-0.22032396495342255","0.6641342639923096","0.029992103576660156","145.52820124694983","38.00229889024163","-50.413366867529355","3291771710"
"D4:22:CD:00:0C:E0","-0.22833271324634552","0.6636189818382263","0.02798175811767578","145.55118438754943","37.998992158583896","-50.42396796635388","3291805044"
"D4:22:CD:00:0C:E0","-0.23113712668418884","0.6503125429153442","0.014378547668457031","145.55975831087596","37.99705499448638","-50.44787661814142","3291838378"
"D4:22:CD:00:0C:E0","-0.24697569012641907","0.6693652272224426","0.028908729553222656","145.5539386898776","37.99238780924298","-50.48061898000443","3291871712"
"D4:22:CD:00:0C:E0","-0.2315077930688858","0.6647184491157532","0.03420543670654297","145.55092062540322","37.975905530869696","-50.505737765039456","3291905046"
"D4:22:CD:00:0C:E0","-0.22512152791023254","0.6696387529373169","0.057387351989746094","145.54773701336774","37.961250504165605","-50.53301861775852","3291938380"
"D4:22:CD:00:0C:E0","-0.21897853910923004","0.6702526211738586","0.0561981201171875","145.54624431416156","37.95212020752312","-50.56236466558505","3291971714"
"D4:22:CD:00:0C:E0","-0.24289600551128387","0.6834197044372559","0.03587627410888672","145.54956166746723","37.94449805860705","-50.587960180563954","3292005048"
"D4:22:CD:00:0C:E0","-0.2555176019668579","0.6478867530822754","0.008620262145996094","145.55608355680306","37.93918467590641","-50.61133702130724","3292038382"
"D4:22:CD:00:0C:E0","-0.23683370649814606","0.6609644293785095","0.02797222137451172","145.55416886670358","37.932732918294434","-50.63472358923752","3292071716"
"D4:22:CD:00:0C:E0","-0.2444659024477005","0.6649324297904968","0.04873466491699219","145.5537330218762","37.9261518429142","-50.65571166283202","3292105050"
"D4:22:CD:00:0C:E0","-0.25074052810668945","0.6508349776268005","0.0067653656005859375","145.55303840375376","37.925485108928996","-50.6810445592996","3292138384"
"D4:22:CD:00:0C:E0","-0.23575252294540405","0.6659027338027954","0.062111854553222656","145.55710955875222","37.9256236505582","-50.703029369654274","3292171718"
"D4:22:CD:00:0C:E0","-0.25903454422950745","0.6622202396392822","0.0011129379272460938","145.56373059386223","37.923554212142484","-50.723897813943736","3292205052"
"D4:22:CD:00:0C:E0","-0.24818459153175354","0.6673374176025391","0.038951873779296875","145.56756741413056","37.916580027403185","-50.743476481915394","3292238386"
"D4:22:CD:00:0C:E0","-0.23528382182121277","0.6679864525794983","0.05489921569824219","145.57135300863476","37.90843349314983","-50.760950675756895","3292271720"
"D4:22:CD:00:0C:E0","-0.22750796377658844","0.6618578433990479","0.03481578826904297","145.57771970693432","37.903494933609046","-50.78042500440722","3292305054"
"D4:22:CD:00:0C:E0","-0.24899566173553467","0.6575397849082947","0.0191497802734375","145.5853202886412","37.89344570693865","-50.793645384304575","3292338388"
"D4:22:CD:00:0C:E0","-0.23836655914783478","0.66900235414505","0.07931995391845703","145.59007825131033","37.88770761660311","-50.81360791309112","3292371722"
"D4:22:CD:00:0C:E0","-0.2594236731529236","0.6858914494514465","0.009722709655761719","145.59830750494189","37.87523768301365","-50.82867410689392","3292405056"
"D4:22:CD:00:0C:E0","-0.24284470081329346","0.652126133441925","0.030664443969726562","145.60694218149482","37.87171169674868","-50.843736597920845","3292438390"
"D4:22:CD:00:0C:E0","-0.24471823871135712","0.684078574180603","0.07352924346923828","145.60653022852398","37.88968517340218","-50.87285030723231","3292471724"
"D4:22:CD:00:0C:E0","-0.22878196835517883","0.6662991642951965","0.019277572631835938","145.61138652471055","37.91617311215082","-50.90008237857422","3292505058"
"D4:22:CD:00:0C:E0","-0.2567271590232849","0.6747100949287415","0.02950763702392578","145.61785214330587","37.91834190984302","-50.9150692651205","3292538392"
"D4:22:CD:00:0C:E0","-0.2468593269586563","0.65969318151474","0.037598609924316406","145.62820091008027","37.918372212858586","-50.92393201954263","3292571726"
"D4:22:CD:00:0C:E0","-0.25537389516830444","0.6711766123771667","0.010317802429199219","145.622141697287","37.92409537765279","-50.94767113672777","3292605060"
"D4:22:CD:00:0C:E0","-0.26642873883247375","0.676911473274231","0.033885955810546875","145.611448242772","37.92421659927305","-50.97218718195163","3292638394"
"D4:22:CD:00:0C:E0","-0.26325899362564087","0.6748073101043701","0.02706623077392578","145.60690678240698","37.920454492832995","-50.99297337605755","3292671728"
"D4:22:CD:00:0C:E0","-0.2516438961029053","0.6866217851638794","0.04401874542236328","145.60428329446802","37.91698694490665","-51.01345848247569","3292705062"
"D4:22:CD:00:0C:E0","-0.22806891798973083","0.6758490800857544","0.047865867614746094","145.60846689116076","37.91360180612049","-51.03213833825945","3292738396"
"D4:22:CD:00:0C:E0","-0.25628334283828735","0.6607034802436829","0.02852630615234375","145.61105185913044","37.91296115799844","-51.0518786690294","3292771730"
"D4:22:CD:00:0C:E0","-0.2531866729259491","0.6627987027168274","0.03621864318847656","145.61689201772873","37.91215169841681","-51.06595090814173","3292805064"
"D4:22:CD:00:0C:E0","-0.2580227553844452","0.6731986403465271","0.028247833251953125","145.62335958350712","37.912203642079746","-51.07757219884927","3292838398"
"D4:22:CD:00:0C:E0","-0.2497980296611786","0.6773894429206848","0.032568931579589844","145.63023032888236","37.90942903609282","-51.0850837420078","3292871732"
"D4:22:CD:00:0C:E0","-0.25525403022766113","0.6628245115280151","0.046174049377441406","145.6378454588625","37.907455277117876","-51.09681349798806","3292905066"
"D4:22:CD:00:0C:E0","-0.2540252208709717","0.6815827488899231","0.05521583557128906","145.64509348108106","37.90928186802669","-51.110828259039295","3292938400"
"D4:22:CD:00:0C:E0","-0.28793632984161377","0.6634830236434937","-0.0028438568115234375","145.644025764208","37.909299181901545","-51.127836970383946","3292971734"
"D4:22:CD:00:0C:E0","-0.2493991106748581","0.6843416094779968","0.050360679626464844","145.64564548302238","37.91136821928266","-51.139164113512486","3293005068"
"D4:22:CD:00:0C:E0","-0.24575652182102203","0.6768027544021606","0.04225444793701172","145.64970703649027","37.90850707629763","-51.15413096792556","3293038402"
"D4:22:CD:00:0C:E0","-0.2454109936952591","0.6589043140411377","-0.006194114685058594","145.65665194666892","37.907355724887985","-51.161327851976644","3293071736"
"D4:22:CD:00:0C:E0","-0.22621199488639832","0.6802856922149658","0.0837850570678711","145.65802657732698","37.905784548836344","-51.17022869325891","3293105070"
"D4:22:CD:00:0C:E0","-0.2475304901599884","0.6768962740898132","0.055542945861816406","145.66474322784597","37.90136119753475","-51.1840482736385","3293138404"
"D4:22:CD:00:0C:E0","-0.2690417766571045","0.6563383340835571","-0.012216567993164062","145.66581945682168","37.896678447998156","-51.20422422668316","3293171738"
"D4:22:CD:00:0C:E0","-0.24840833246707916","0.6658347845077515","0.04820442199707031","145.66885912070194","37.875012707070425","-51.21028638652388","3293205072"
"D4:22:CD:00:0C:E0","-0.2362268716096878","0.6599374413490295","0.06425762176513672","145.67872345284633","37.87628902200989","-51.22847965377917","3293238406"
"D4:22:CD:00:0C:E0","-0.2524257302284241","0.6647180914878845","0.04117298126220703","145.67500999023054","37.896029291815296","-51.252123884029764","3293271740"
"D4:22:CD:00:0C:E0","-0.24500557780265808","0.6768138408660889","0.01873016357421875","145.68419076767913","37.904204749992196","-51.26067415386686","3293305074"
"D4:22:CD:00:0C:E0","-0.24827083945274353","0.6594119668006897","0.04745960235595703","145.69646582692707","37.89385682409387","-51.25832974463953","3293338408"
"D4:22:CD:00:0C:E0","-0.25234171748161316","0.6354812383651733","0.022695541381835938","145.69413207491075","37.892480672531","-51.26708215479723","3293371742"
"D4:22:CD:00:0C:E0","-0.26061293482780457","0.6595247387886047","0.01820087432861328","145.66887588208718","37.89819316802238","-51.294306639183006","3293405076"
"D4:22:CD:00:0C:E0","-0.25897127389907837","0.6728837490081787","0.02878093719482422","145.64406651473885","37.89334617365681","-51.316446406053494","3293438410"
"D4:22:CD:00:0C:E0","-0.24650204181671143","0.6516790986061096","0.0668344497680664","145.62909398626752","37.88149402005774","-51.336593329732736","3293471744"
"D4:22:CD:00:0C:E0","-0.24353650212287903","0.6697695851325989","0.0648183822631836","145.61680348780627","37.87485262845228","-51.35461772843581","3293505078"
"D4:22:CD:00:0C:E0","-0.23675000667572021","0.6539279222488403","0.014670372009277344","145.61384146956746","37.8759515535364","-51.37485914632923","3293538412"
"D4:22:CD:00:0C:E0","-0.2639293372631073","0.6363062858581543","0.03346729278564453","145.6147204109376","37.87638853223953","-51.39087129417871","3293571746"
"D4:22:CD:00:0C:E0","-0.2772826850414276","0.6367233395576477","0.016527175903320312","145.60970732195105","37.87715433285257","-51.40200758600341","3293605080"
"D4:22:CD:00:0C:E0","-0.24717320501804352","0.6441033482551575","0.0772256851196289","145.60990366666033","37.876475062983275","-51.40927508335226","3293638414"
"D4:22:CD:00:0C:E0","-0.2605324685573578","0.6534238457679749","0.01651477813720703","145.61154201296145","37.88097912854571","-51.41636081914249","3293671748"
"D4:22:CD:00:0C:E0","-0.24133442342281342","0.6614305973052979","0.04659748077392578","145.61629477830982","37.883073331603214","-51.41942207427192","3293705082"
"D4:22:CD:00:0C:E0","-0.243719220161438","0.6488893032073975","0.03667259216308594","145.61972969822895","37.883107947030076","-51.42408172556837","3293738416"
"D4:22:CD:00:0C:E0","-0.24273283779621124","0.6479023694992065","0.03686332702636719","145.62065913043924","37.88261467873328","-51.42822712239389","3293771750"
"D4:22:CD:00:0C:E0","-0.24607832729816437","0.6408369541168213","0.04111194610595703","145.62389889228575","37.88435844023629","-51.432621983595745","3293805084"
"D4:22:CD:00:0C:E0","-0.23804062604904175","0.6335567235946655","0.039520263671875","145.62793969809584","37.89737954310595","-51.44091851669615","3293838418"
"D4:22:CD:00:0C:E0","-0.23604926466941833","0.6300768852233887","0.048844337463378906","145.6339151987335","37.903603136883696","-51.443467247732464","3293871752"
"D4:22:CD:00:0C:E0","-0.25408875942230225","0.6384203433990479","0.046474456787109375","145.64174123019114","37.915138518614825","-51.44234960311167","3293905086"
"D4:22:CD:00:0C:E0","-0.26387012004852295","0.645270586013794","0.04145526885986328","145.65057787112102","37.93210076310999","-51.45049641932338","3293938420"
"D4:22:CD:00:0C:E0","-0.24582451581954956","0.6449171304702759","0.02765178680419922","145.66076452058542","37.93925828983135","-51.45879261478374","3293971754"
"D4:22:CD:00:0C:E0","-0.2528597116470337","0.6333444714546204","0.05302238464355469","145.66304433391755","37.962303073376226","-51.463909366015756","3294005088"
"D4:22:CD:00:0C:E0","-0.2639486789703369","0.6322904825210571","0.01556396484375","145.66272751320642","37.99684697990731","-51.47532798148344","3294038422"
"D4:22:CD:00:0C:E0","-0.19055217504501343","0.6419192552566528","0.036650657653808594","145.67266465912883","38.02936942508272","-51.46595789109027","3294071756"
"D4:22:CD:00:0C:E0","-0.25529584288597107","0.6289337277412415","0.0037555694580078125","145.69156862512844","38.0473555117939","-51.45974898519674","3294105090"
"D4:22:CD:00:0C:E0","-0.24119402468204498","0.6307072639465332","0.05913352966308594","145.70090940304183","38.05564325992112","-51.461246372296266","3294138424"
"D4:22:CD:00:0C:E0","-0.263632595539093","0.628017783164978","0.02661418914794922","145.70000226318663","38.07877238608232","-51.46743716028143","3294171758"
"D4:22:CD:00:0C:E0","-0.264003723859787","0.6373853087425232","0.008731842041015625","145.69793556520222","38.09290418585476","-51.47893662042494","3294205092"
"D4:22:CD:00:0C:E0","-0.26850271224975586","0.6345150470733643","0.04478740692138672","145.69828361193393","38.096718547816614","-51.45146118618853","3294238426"
"D4:22:CD:00:0C:E0","-0.19211743772029877","0.6268494129180908","0.07947635650634766","145.70891914987786","38.10675226851215","-51.44946480424707","3294271760"
"D4:22:CD:00:0C:E0","-0.23055216670036316","0.6079190969467163","0.019097328186035156","145.71995994605382","38.12384140895931","-51.452959101583915","3294305094"
"D4:22:CD:00:0C:E0","-0.2521650195121765","0.6020261645317078","0.025379180908203125","145.73052440236083","38.1409909986549","-51.44177162251147","3294338428"
"D4:22:CD:00:0C:E0","-0.2539040148258209","0.5961894989013672","0.05820465087890625","145.73672821494765","38.15050533199357","-51.44085754997463","3294371762"
"D4:22:CD:00:0C:E0","-0.2502748966217041","0.6048110723495483","0.0475921630859375","145.74803190841186","38.16303088353302","-51.43771276328156","3294405096"
"D4:22:CD:00:0C:E0","-0.2421869933605194","0.6004539132118225","0.02048015594482422","145.76376671346452","38.18265741698431","-51.4262865079925","3294438430"
"D4:22:CD:00:0C:E0","-0.22756902873516083","0.6060217022895813","0.038311004638671875","145.77860909965977","38.19611407378783","-51.43215057121242","3294471764"
"D4:22:CD:00:0C:E0","-0.2374415546655655","0.6066935658454895","0.036865234375","145.7880216698397","38.21486281664846","-51.41113092328962","3294505098"
"D4:22:CD:00:0C:E0","-0.23772907257080078","0.6012983322143555","0.03938770294189453","145.79600738707902","38.22865583082951","-51.39040481256092","3294538432"
"D4:22:CD:00:0C:E0","-0.24076035618782043","0.5854030251502991","0.018892288208007812","145.80095479198428","38.24022520059327","-51.410671492121246","3294571766"
"D4:22:CD:00:0C:E0","-0.22989840805530548","0.5970649123191833","0.0284271240234375","145.81248923618824","38.255866993797106","-51.38796844505455","3294605100"
"D4:22:CD:00:0C:E0","-0.22044157981872559","0.6023384928703308","0.06324005126953125","145.82438416005053","38.267906118294164","-51.37572773262438","3294638434"
"D4:22:CD:00:0C:E0","-0.23978140950202942","0.6052430868148804","0.029743194580078125","145.8339103309851","38.288700925013046","-51.36195522571863","3294671768"
"D4:22:CD:00:0C:E0","-0.23935706913471222","0.6079126596450806","0.04290294647216797","145.8392854765797","38.29420079880137","-51.35841222767775","3294705102"
"D4:22:CD:00:0C:E0","-0.2474014312028885","0.5614444613456726","0.04427814483642578","145.8470952827499","38.31087701510053","-51.355272947415244","3294738436"
"D4:22:CD:00:0C:E0","-0.23688830435276031","0.600612461566925","0.06310176849365234","145.85106060215253","38.345808536205126","-51.347399052201325","3294771770"
"D4:22:CD:00:0C:E0","-0.21121449768543243","0.5731428265571594","0.00643157958984375","145.86829987729323","38.38322710827486","-51.33747085630968","3294805104"
"D4:22:CD:00:0C:E0","-0.23010021448135376","0.5862912535667419","0.028690338134765625","145.89083563967068","38.40317474561647","-51.31244680714381","3294838438"
"D4:22:CD:00:0C:E0","-0.23326392471790314","0.5892491340637207","0.05174827575683594","145.90778430547343","38.416907740414594","-51.30640759009909","3294871772"
"D4:22:CD:00:0C:E0","-0.2244061380624771","0.5826672315597534","0.04837989807128906","145.90565555641618","38.43652460579358","-51.313979897598095","3294905106"
"D4:22:CD:00:0C:E0","-0.23910415172576904","0.5825477242469788","0.01675891876220703","145.89617394691766","38.45942204925604","-51.31194029127238","3294938440"
"D4:22:CD:00:0C:E0","-0.21882912516593933","0.5666970014572144","0.05473041534423828","145.88602260599228","38.46970231686003","-51.31663144446767","3294971774"
"D4:22:CD:00:0C:E0","-0.2012917846441269","0.5730583071708679","0.0744943618774414","145.8830309297948","38.47450929185014","-51.343837278541976","3295005108"
"D4:22:CD:00:0C:E0","-0.20561257004737854","0.5798518061637878","0.059220314025878906","145.87792059567306","38.49160674861534","-51.34853128200894","3295038442"
"D4:22:CD:00:0C:E0","-0.23828253149986267","0.5745118856430054","0.025234222412109375","145.87670923134388","38.516669118590016","-51.36390502827985","3295071776"
"D4:22:CD:00:0C:E0","-0.23662540316581726","0.5667164921760559","0.04859447479248047","145.87722757447463","38.54206768773844","-51.34926926789133","3295105110"
"D4:22:CD:00:0C:E0","-0.26123496890068054","0.5597658753395081","0.057061195373535156","145.87328112277766","38.57390059391813","-51.36261322040735","3295138444"
"D4:22:CD:00:0C:E0","-0.2774766981601715","0.5503721237182617","0.060278892517089844","145.84966153085824","38.61881120382873","-51.38369950095274","3295171778"
"D4:22:CD:00:0C:E0","-0.29052621126174927","0.529583752155304","0.05315685272216797","145.81672431216452","38.66522390282184","-51.3808714280599","3295205112"
"D4:22:CD:00:0C:E0","-0.2715662121772766","0.5569248795509338","0.034069061279296875","145.7855244955667","38.71232757817019","-51.378267629427725","3295238446"
"D4:22:CD:00:0C:E0","-0.20966671407222748","0.5744279026985168","0.07208728790283203","145.76512943720343","38.769356413639","-51.36582100347811","3295271780"
"D4:22:CD:00:0C:E0","-0.17869968712329865","0.5279282927513123","0.005939483642578125","145.7683466070704","38.81981183722434","-51.284593208720985","3295305114"
"D4:22:CD:00:0C:E0","-0.11816692352294922","0.5398932695388794","0.09703636169433594","145.78547809951567","38.885828117117136","-51.19067036790907","3295338448"
"D4:22:CD:00:0C:E0","-0.16498854756355286","0.5303107500076294","0.029468536376953125","145.80335517575824","38.9560777728783","-51.016160052532115","3295371782"
"D4:22:CD:00:0C:E0","-0.21086977422237396","0.549536943435669","0.05483531951904297","145.79532845180483","39.0545594239432","-50.8026426817194","3295405116"
"D4:22:CD:00:0C:E0","-0.22801615297794342","0.5232994556427002","0.0912618637084961","145.77175128219426","39.1129379570095","-50.61737022373845","3295438450"
"D4:22:CD:00:0C:E0","-0.18609492480754852","0.47984933853149414","0.12221622467041016","145.72192393680447","39.19910924491101","-50.38189166278736","3295471784"
"D4:22:CD:00:0C:E0","-0.20141194760799408","0.4730696976184845","0.14844322204589844","145.6410004052293","39.325262455196395","-50.09742181719032","3295505118"
"D4:22:CD:00:0C:E0","-0.21128574013710022","0.4330994486808777","0.11870765686035156","145.49509608593473","39.47630496416041","-49.895134563517274","3295538452"
"D4:22:CD:00:0C:E0","-0.18840333819389343","0.4520546793937683","0.14382457733154297","145.3341735786188","39.76695556731565","-49.31008933436739","3295571786"
"D4:22:CD:00:0C:E0","-0.22338169813156128","0.34344547986984253","-0.08748817443847656","145.24044215395466","40.169580014878264","-48.44158740675222","3295605120"
"D4:22:CD:00:0C:E0","-0.1577604115009308","0.40618595480918884","-0.04205322265625","145.2049947670832","40.61288486023311","-47.55759321678891","3295638454"
"D4:22:CD:00:0C:E0","-0.10256139189004898","0.399844229221344","-0.06244087219238281","145.2193402241478","40.75966870211764","-47.43893427348838","3295671788"
"D4:22:CD:00:0C:E0","-0.0826500728726387","0.47411036491394043","0.07671356201171875","145.25090669283728","40.62697185429937","-47.33917446320566","3295705122"
"D4:22:CD:00:0C:E0","-0.04026879370212555","0.545335054397583","0.1770162582397461","145.1713430643651","40.49897069274813","-47.286448743697164","3295738456"
"D4:22:CD:00:0C:E0","-0.05275323614478111","0.4208526611328125","0.0960226058959961","144.9414456867346","40.554224727482435","-47.42029390900081","3295771790"
"D4:22:CD:00:0C:E0","-0.11723673343658447","0.3337877094745636","0.04335308074951172","144.65678314243635","40.72599765290902","-47.660753333855716","3295805124"
"D4:22:CD:00:0C:E0","-0.21518592536449432","0.3038167953491211","0.04304981231689453","144.42023306285415","40.850277604218284","-47.86119989079536","3295838458"
"D4:22:CD:00:0C:E0","-0.21665270626544952","0.35530558228492737","0.07468128204345703","144.27090335591993","40.879603234824046","-47.96508085452206","3295871792"
"D4:22:CD:00:0C:E0","-0.1895032525062561","0.3533579409122467","0.08115196228027344","144.16236027604074","40.917745086810406","-48.063282185051456","3295905126"
"D4:22:CD:00:0C:E0","-0.14130595326423645","0.3099234700202942","0.005291938781738281","144.05882797219792","40.95608531876622","-48.17256358351932","3295938460"
"D4:22:CD:00:0C:E0","-0.11543276160955429","0.3644517958164215","0.12990760803222656","143.968745505137","41.0420780782166","-48.29847150198996","3295971794"
"D4:22:CD:00:0C:E0","-0.1863410770893097","0.39526814222335815","0.22185039520263672","143.8313710667802","41.2510849021746","-48.55092756128202","3296005128"
"D4:22:CD:00:0C:E0","-0.19325648248195648","0.4332699179649353","0.09385967254638672","143.62101708223133","41.56295745321277","-48.947186795291685","3296038462"
"D4:22:CD:00:0C:E0","-0.15672063827514648","0.3390311002731323","0.058501243591308594","143.36299445842997","41.8664501204122","-49.42718469928781","3296071796"
"D4:22:CD:00:0C:E0","-0.09007393568754196","0.3434804677963257","-0.037207603454589844","143.11982904212502","42.14062175201316","-49.8617322650218","3296105130"
"D4:22:CD:00:0C:E0","-0.08625166863203049","0.3670928180217743","-0.08627796173095703","142.90064335970357","42.35755637365399","-50.19388852088432","3296138464"
"D4:22:CD:00:0C:E0","-0.0506928488612175","0.34823301434516907","-0.0025768280029296875","142.68610090586031","42.53127016446008","-50.44681663327689","3296171798"
"D4:22:CD:00:0C:E0","-0.10319428145885468","0.38097795844078064","0.07663440704345703","142.45604786862185","42.67175652615223","-50.67327732924578","3296205132"
"D4:22:CD:00:0C:E0","-0.18823610246181488","0.3818199038505554","0.06608104705810547","142.2286952983385","42.75368935568165","-50.84166302805471","3296238466"
"D4:22:CD:00:0C:E0","-0.18580175936222076","0.4007713496685028","0.12277698516845703","142.0071291459898","42.811164561293104","-50.97466602314701","3296271800"
"D4:22:CD:00:0C:E0","-0.14465457201004028","0.3695448637008667","0.08249664306640625","141.79345046551626","42.866265619332694","-51.11144830252899","3296305134"
"D4:22:CD:00:0C:E0","-0.17390844225883484","0.33453479409217834","0.08274269104003906","141.58505095778395","42.95135878134802","-51.27947665890162","3296338468"
"D4:22:CD:00:0C:E0","-0.15920889377593994","0.293598473072052","0.05818462371826172","141.409123835111","43.08406372986683","-51.4719822914382","3296371802"
"D4:22:CD:00:0C:E0","-0.16318228840827942","0.31147077679634094","0.016533851623535156","141.32043788687218","43.19487661096244","-51.60517541856072","3296405136"
"D4:22:CD:00:0C:E0","-0.12969501316547394","0.36539629101753235","0.049445152282714844","141.3038996683745","43.2714637144368","-51.67971674073974","3296438470"
"D4:22:CD:00:0C:E0","-0.11817317456007004","0.3884120285511017","0.048232078552246094","141.29432261659574","43.33961483012904","-51.761270415080624","3296471804"
"D4:22:CD:00:0C:E0","-0.1072084903717041","0.40541109442710876","0.0374755859375","141.2778701888227","43.36719829261391","-51.82339544260518","3296505138"
"D4:22:CD:00:0C:E0","-0.11794222891330719","0.3856818377971649","0.02164936065673828","141.22933224358508","43.38838403030632","-51.900888983576706","3296538472"
"D4:22:CD:00:0C:E0","-0.08474653214216232","0.3340381979942322","0.07247734069824219","141.17331647213027","43.37785836512254","-51.952852136323756","3296571806"
"D4:22:CD:00:0C:E0","-0.09660062193870544","0.33259108662605286","0.11454391479492188","141.1169590063466","43.351805803880914","-51.98614795196135","3296605140"
"D4:22:CD:00:0C:E0","-0.19770494103431702","0.31723517179489136","0.0999746322631836","141.07098889457032","43.33211643704115","-52.00487029516362","3296638474"
"D4:22:CD:00:0C:E0","-0.20592357218265533","0.29468193650245667","0.0808706283569336","141.05998466689897","43.317549569361645","-52.00052062026097","3296671808"
"D4:22:CD:00:0C:E0","-0.20493875443935394","0.30468711256980896","0.060456275939941406","141.1003270062553","43.30487740435587","-51.96087180762177","3296705142"
"D4:22:CD:00:0C:E0","-0.12561942636966705","0.33162951469421387","0.07873725891113281","141.17857734423205","43.3012733599769","-51.901884209192716","3296738476"
"D4:22:CD:00:0C:E0","-0.10459870100021362","0.35172978043556213","0.062099456787109375","141.27063941789382","43.318464883598494","-51.83847748542783","3296771810"
"D4:22:CD:00:0C:E0","-0.09460552036762238","0.357205331325531","0.07729148864746094","141.34550668740394","43.34361090811365","-51.79026895829602","3296805144"
"D4:22:CD:00:0C:E0","-0.08504458516836166","0.3337792158126831","0.07733154296875","141.40957247210721","43.36091306352488","-51.74581113092974","3296838478"
"D4:22:CD:00:0C:E0","-0.15962952375411987","0.323954313993454","0.029585838317871094","141.46353298888553","43.3564179739345","-51.69908373817967","3296871812"
"D4:22:CD:00:0C:E0","-0.12486861646175385","0.28030475974082947","0.03338146209716797","141.50291828116633","43.33394282319844","-51.64861388000435","3296905146"
"D4:22:CD:00:0C:E0","-0.08962930738925934","0.3292867839336395","0.09555244445800781","141.5516092430786","43.30642608280677","-51.58249922600356","3296938480"
"D4:22:CD:00:0C:E0","-0.08282004296779633","0.38726043701171875","0.07305717468261719","141.61353791260711","43.31563449494555","-51.52135656443804","3296971814"
"D4:22:CD:00:0C:E0","-0.12938424944877625","0.37932345271110535","0.13474750518798828","141.67528685089334","43.35483044610545","-51.48290156223607","3297005148"
"D4:22:CD:00:0C:E0","-0.15336084365844727","0.30732524394989014","0.09300422668457031","141.7135409726672","43.383341820691456","-51.45762485926749","3297038482"
"D4:22:CD:00:0C:E0","-0.10799100995063782","0.24793453514575958","0.0323486328125","141.74233686629583","43.38015599950742","-51.42044290202706","3297071816"
"D4:22:CD:00:0C:E0","-0.07558716088533401","0.3049642741680145","0.07734489440917969","141.78419801590672","43.34153066078266","-51.367865438534004","3297105150"
"D4:22:CD:00:0C:E0","-0.10517603158950806","0.36367887258529663","0.06479263305664062","141.848281434004","43.31637610974005","-51.32144860128429","3297138484"
"D4:22:CD:00:0C:E0","-0.1086261197924614","0.3466118276119232","0.08197593688964844","141.9222131255409","43.29992189841437","-51.28075202220947","3297171818"
"D4:22:CD:00:0C:E0","-0.13640937209129333","0.3213048577308655","0.040073394775390625","141.97502616333358","43.291030218000245","-51.25376766524187","3297205152"
"D4:22:CD:00:0C:E0","-0.07993680983781815","0.3181406855583191","0.09268665313720703","142.01221103983426","43.26852294984858","-51.22346363080098","3297238486"
"D4:22:CD:00:0C:E0","-0.13644082844257355","0.30884337425231934","0.04720497131347656","142.00777601024637","43.26672666753621","-51.23142408793804","3297271820"
"D4:22:CD:00:0C:E0","-0.09648702293634415","0.30223768949508667","0.10750770568847656","141.99345024245108","43.27355563666142","-51.245976688974515","3297305154"
"D4:22:CD:00:0C:E0","-0.1542079895734787","0.30509522557258606","0.0031948089599609375","141.9839176796455","43.2674301660434","-51.248146142484124","3297338488"
"D4:22:CD:00:0C:E0","-0.11331941932439804","0.3070576786994934","0.09798526763916016","141.97527455017362","43.25591257350211","-51.23767714374513","3297371822"
"D4:22:CD:00:0C:E0","-0.11613982170820236","0.318473219871521","0.07667160034179688","141.96838887007672","43.25284127081227","-51.23351433371701","3297405156"
"D4:22:CD:00:0C:E0","-0.0834915041923523","0.32239317893981934","0.07395076751708984","141.96517552645355","43.248832398808254","-51.22975732613549","3297438490"
"D4:22:CD:00:0C:E0","-0.10271940380334854","0.29213881492614746","0.06500053405761719","141.96990710681894","43.23993411463762","-51.22117815999472","3297471824"
"D4:22:CD:00:0C:E0","-0.10119127482175827","0.2848653197288513","0.04773139953613281","141.97075909303734","43.22476127110183","-51.21476466743572","3297505158"
"D4:22:CD:00:0C:E0","-0.06706888973712921","0.308086633682251","0.08194923400878906","141.9762123015689","43.2047053520545","-51.1984454861661","3297538492"
"D4:22:CD:00:0C:E0","-0.09204456210136414","0.3130590617656708","0.08402824401855469","141.9764301934124","43.19683942177205","-51.19620053754001","3297571826"
"D4:22:CD:00:0C:E0","-0.10615448653697968","0.31954339146614075","0.09102821350097656","141.9863689300763","43.180173933164816","-51.182929943889654","3297605160"
"D4:22:CD:00:0C:E0","-0.09502189606428146","0.3027823269367218","0.09416770935058594","141.99214445073062","43.179302843878666","-51.181783972399366","3297638494"
"D4:22:CD:00:0C:E0","-0.11375102400779724","0.3013986647129059","0.0727529525756836","141.98244155869176","43.186117341749764","-51.182879402141616","3297671828"
"D4:22:CD:00:0C:E0","-0.10170878469944","0.2839532494544983","0.04156017303466797","141.97752678211788","43.20934855404412","-51.17959878323798","3297705162"
"D4:22:CD:00:0C:E0","-0.10964810848236084","0.28910496830940247","0.05923652648925781","141.9851124461365","43.214788718651505","-51.17016274438505","3297738496"
"D4:22:CD:00:0C:E0","-0.07333722710609436","0.2983909547328949","0.09868621826171875","141.99802275555726","43.208617612833514","-51.15211177525823","3297771830"
"D4:22:CD:00:0C:E0","-0.08978112787008286","0.27960720658302307","0.06521415710449219","141.99761600218315","43.202006741145986","-51.15817964195089","3297805164"
"D4:22:CD:00:0C:E0","-0.11085487902164459","0.28938475251197815","0.03627586364746094","141.9841737980249","43.19093244218408","-51.16701836134831","3297838498"
"D4:22:CD:00:0C:E0","-0.10578013211488724","0.2903563976287842","0.06854057312011719","141.97206637690755","43.18014583331644","-51.1637402716552","3297871832"
"D4:22:CD:00:0C:E0","-0.07182108610868454","0.2771887481212616","0.059769630432128906","141.96636982914868","43.16393437652815","-51.16898294807306","3297905166"
"D4:22:CD:00:0C:E0","-0.08655256778001785","0.278857946395874","0.05037403106689453","141.96209147412446","43.13126698426752","-51.15703436648674","3297938500"
"D4:22:CD:00:0C:E0","-0.06693115085363388","0.2935764491558075","0.11826419830322266","141.95506199739367","43.11026403427457","-51.159684247232605","3297971834"
"D4:22:CD:00:0C:E0","-0.10024812817573547","0.26935088634490967","0.08455657958984375","141.93863845797222","43.11828257667971","-51.177310622434554","3298005168"
"D4:22:CD:00:0C:E0","-0.09491491317749023","0.25802966952323914","0.0660409927368164","141.929423306082","43.1323292541665","-51.19558710508761","3298038502"
"D4:22:CD:00:0C:E0","-0.12074435502290726","0.26594120264053345","0.0647878646850586","141.92895045760574","43.15236141041428","-51.16374239057256","3298071836"
"D4:22:CD:00:0C:E0","-0.10459215939044952","0.26401859521865845","0.07857418060302734","141.93422784994647","43.16571826895955","-51.15194732325953","3298105170"
"D4:22:CD:00:0C:E0","-0.0755532756447792","0.29179441928863525","0.09043121337890625","141.93816350358918","43.18941011742452","-51.12989217319914","3298138504"
"D4:22:CD:00:0C:E0","-0.069414883852005","0.29077252745628357","0.03872108459472656","141.9291926188243","43.22080579666325","-51.11361274429978","3298171838"
"D4:22:CD:00:0C:E0","-0.053430575877428055","0.29648229479789734","0.057373046875","141.8988605722377","43.251917565797314","-51.10160801809456","3298205172"
"D4:22:CD:00:0C:E0","-0.06964409351348877","0.2636013329029083","0.03442859649658203","141.86871775918624","43.28323288532374","-51.050794152772916","3298238506"
"D4:22:CD:00:0C:E0","-0.07770936191082001","0.2531570792198181","0.052898406982421875","141.86544270040463","43.30102934386132","-50.94595409296735","3298271840"
"D4:22:CD:00:0C:E0","-0.08629201352596283","0.23675671219825745","0.09483146667480469","141.87826549747368","43.31556408894813","-50.84478018094379","3298305174"
"D4:22:CD:00:0C:E0","-0.10178827494382858","0.2618776559829712","0.13206195831298828","141.9014910531131","43.33912649080741","-50.6491955909586","3298338508"
"D4:22:CD:00:0C:E0","-0.09400641918182373","0.23410724103450775","0.11564350128173828","141.92274350982558","43.35920799034081","-50.60735613132187","3298371842"
"D4:22:CD:00:0C:E0","-0.11405885964632034","0.25239402055740356","0.0720052719116211","141.94031915656723","43.43490210874729","-50.422954797733986","3298405176"
"D4:22:CD:00:0C:E0","-0.08612079918384552","0.2369506061077118","0.029964447021484375","141.9682208372251","43.50766800297793","-50.19701010776271","3298438510"
"D4:22:CD:00:0C:E0","-0.03790047764778137","0.22986531257629395","0.08840274810791016","142.0161960677614","43.54807226219285","-49.99851173320759","3298471844"
"D4:22:CD:00:0C:E0","-0.04459044337272644","0.2045774906873703","0.03042125701904297","142.07303932598967","43.63309538899393","-49.504365978282905","3298505178"
"D4:22:CD:00:0C:E0","-0.024051334708929062","0.20043177902698517","0.06815624237060547","142.11729595325414","43.74330172932969","-48.933739998070116","3298538512"
"D4:22:CD:00:0C:E0","-0.054088152945041656","0.21567849814891815","0.027578353881835938","142.1470636844071","43.82278457943722","-48.538847988380034","3298571846"
"D4:22:CD:00:0C:E0","-0.04835532233119011","0.17657260596752167","0.046067237854003906","142.18683022690755","43.946123126718476","-47.781028384093474","3298605180"
"D4:22:CD:00:0C:E0","-0.026021378114819527","0.16142083704471588","0.07802295684814453","142.22942193664252","44.079420052933635","-46.88730236390604","3298638514"
"D4:22:CD:00:0C:E0","0.016163228079676628","0.13472110033035278","0.08886337280273438","142.2816155552536","44.28905418115287","-45.56436791900159","3298671848"
"D4:22:CD:00:0C:E0","0.01590993069112301","0.07153520733118057","0.0646505355834961","142.36250301143696","44.610118999096116","-43.580518949819876","3298705182"
"D4:22:CD:00:0C:E0","0.07249709963798523","-0.03032858483493328","0.053071022033691406","142.50981285665614","45.13116380827242","-40.41903832961187","3298738516"
"D4:22:CD:00:0C:E0","0.09235971421003342","-0.055045317858457565","0.0682229995727539","142.63846769069937","45.56260175743582","-37.78754808341669","3298771850"
"D4:22:CD:00:0C:E0","0.12748977541923523","-0.08996418863534927","0.07732677459716797","142.843068568541","46.058907018684835","-34.61256363878887","3298805184"
"D4:22:CD:00:0C:E0","0.1804816573858261","-0.12173163890838623","0.08333206176757812","142.99436280283123","46.38937502089488","-32.37711852911885","3298838518"
"D4:22:CD:00:0C:E0","0.26006582379341125","-0.16860175132751465","0.0572357177734375","143.14694221128985","46.72575683144149","-30.180311002454385","3298871852"
"D4:22:CD:00:0C:E0","0.26518967747688293","-0.20183242857456207","0.0347747802734375","143.1247410486779","46.89827452201633","-29.623177858318563","3298905186"
"D4:22:CD:00:0C:E0","0.2811305522918701","-0.18561610579490662","0.12472248077392578","143.0053571331108","47.084608219669256","-29.726616140527675","3298938520"
"D4:22:CD:00:0C:E0","0.22916845977306366","-0.23380036652088165","0.04176044464111328","142.8793793011557","47.23308142765218","-29.912883461184283","3298971854"
"D4:22:CD:00:0C:E0","0.15961657464504242","-0.25067704916000366","-0.016927719116210938","142.85048333832202","47.16922557012614","-29.899122162564034","3299005188"
"D4:22:CD:00:0C:E0","0.08032654970884323","-0.17097410559654236","0.16486835479736328","142.86831505177818","47.02352520075887","-29.78899642411824","3299038522"
"D4:22:CD:00:0C:E0","0.2063460350036621","-0.21054719388484955","0.10638046264648438","142.85010420196227","46.947252053816364","-29.724187350269844","3299071856"
"D4:22:CD:00:0C:E0","0.2574221193790436","-0.2325243204832077","0.09337711334228516","142.80867839831146","46.92801071932991","-29.708077070169253","3299105190"
"D4:22:CD:00:0C:E0","0.24100424349308014","-0.24676232039928436","0.06155586242675781","142.7836877699813","46.91807015433934","-29.681256846493092","3299138524"
"D4:22:CD:00:0C:E0","0.2554183602333069","-0.20824545621871948","0.05623626708984375","142.76707336774987","46.94435565835257","-29.662591113013278","3299171858"
"D4:22:CD:00:0C:E0","0.2132434993982315","-0.25403398275375366","-0.08952808380126953","142.80625583339963","46.854255435831185","-29.53921104733268","3299205192"
"D4:22:CD:00:0C:E0","0.21058668196201324","-0.17061659693717957","0.08183956146240234","142.8738325771541","46.65465121446446","-29.331828016774","3299238526"
"D4:22:CD:00:0C:E0","0.23131249845027924","-0.16078080236911774","0.1165628433227539","142.90432066190482","46.48985270693259","-29.181288126292394","3299271860"
"D4:22:CD:00:0C:E0","0.22638827562332153","-0.22481636703014374","0.037204742431640625","142.90607296857056","46.36796042126687","-29.08133036900559","3299305194"
"D4:22:CD:00:0C:E0","0.1907474249601364","-0.2672049403190613","0.04611682891845703","143.00333817437584","46.08220522365058","-28.80772547493094","3299338528"
"D4:22:CD:00:0C:E0","0.22394868731498718","-0.18291416764259338","0.12442398071289062","143.1338901145734","45.707689296408375","-28.434312779831036","3299371862"
"D4:22:CD:00:0C:E0","0.217483788728714","-0.200180321931839","0.020244598388671875","143.2335383746599","45.39609079563878","-28.115388934092742","3299405196"
"D4:22:CD:00:0C:E0","0.2524350881576538","-0.16292575001716614","0.11447715759277344","143.2662616137179","45.21904306705904","-27.934442419884547","3299438530"
"D4:22:CD:00:0C:E0","0.2481028139591217","-0.19147281348705292","0.11920738220214844","143.2669979056587","45.19591195390278","-27.88746786261383","3299471864"
"D4:22:CD:00:0C:E0","0.23460601270198822","-0.23733265697956085","0.04157543182373047","143.25062070514224","45.25543593467928","-27.90990354483422","3299505198"
"D4:22:CD:00:0C:E0","0.21356083452701569","-0.2563723921775818","0.03121185302734375","143.2265869103125","45.33889684520742","-27.960120092279293","3299538532"
"D4:22:CD:00:0C:E0","0.21158476173877716","-0.22026608884334564","0.08496475219726562","143.22633664712856","45.36245573194098","-27.95085148306752","3299571866"
"D4:22:CD:00:0C:E0","0.2204824686050415","-0.19889859855175018","0.062478065490722656","143.22216603248484","45.37264429512086","-27.938039064885203","3299605200"
"D4:22:CD:00:0C:E0","0.26056531071662903","-0.20976388454437256","0.08693122863769531","143.20289867424938","45.39576494809423","-27.950305163433946","3299638534"
"D4:22:CD:00:0C:E0","0.24339252710342407","-0.19793736934661865","0.035859107971191406","143.2080790784094","45.3751965843246","-27.919414540133456","3299671868"
"D4:22:CD:00:0C:E0","0.16400888562202454","-0.22052447497844696","0.01640033721923828","143.28346218691829","45.25569305678466","-27.753509026595076","3299705202"
"D4:22:CD:00:0C:E0","0.23878303170204163","-0.26141157746315","0.038321495056152344","143.425601199736","45.02251938137708","-27.42872142868204","3299738536"
"D4:22:CD:00:0C:E0","0.2028546780347824","-0.23964421451091766","0.02683544158935547","143.61297160321897","44.669489991884205","-26.983305668522178","3299771870"
"D4:22:CD:00:0C:E0","0.2863016426563263","-0.17949196696281433","0.09321308135986328","143.78672664368742","44.29384430345427","-26.55038203723859","3299805204"
"D4:22:CD:00:0C:E0","0.21622559428215027","-0.28644850850105286","0.0053081512451171875","143.96063338055086","43.84288608530472","-26.09327909433617","3299838538"
"D4:22:CD:00:0C:E0","0.2597408890724182","-0.2112542688846588","0.11327362060546875","144.10266961723383","43.38477032585044","-25.65685128259871","3299871872"
"D4:22:CD:00:0C:E0","0.24159610271453857","-0.2189284861087799","0.0956268310546875","144.18828477189282","43.058313979550164","-25.348053291232905","3299905206"
"D4:22:CD:00:0C:E0","0.21795542538166046","-0.22756268084049225","0.10136032104492188","144.24145077008822","42.82531354683744","-25.129643906050497","3299938540"
"D4:22:CD:00:0C:E0","0.23202510178089142","-0.22780060768127441","0.0701589584350586","144.27593656033187","42.67666164426294","-24.985816875668906","3299971874"
"D4:22:CD:00:0C:E0","0.26634031534194946","-0.2363998144865036","0.03110504150390625","144.2785706080695","42.65282249943793","-24.942909596142876","3300005208"
"D4:22:CD:00:0C:E0","0.2541055679321289","-0.18596892058849335","0.10025691986083984","144.26920957710587","42.648030694606625","-24.932230309157283","3300038542"
"D4:22:CD:00:0C:E0","0.23633278906345367","-0.21162697672843933","0.07606697082519531","144.2324652945169","42.72263808345222","-24.986670530771665","3300071876"
"D4:22:CD:00:0C:E0","0.2387298345565796","-0.21738401055335999","0.07567501068115234","144.16408881582885","42.85401255108157","-25.08875697621062","3300105210"
"D4:22:CD:00:0C:E0","0.23170749843120575","-0.233097642660141","0.04587841033935547","144.09970477507503","42.959319254230834","-25.17173565254315","3300138544"
"D4:22:CD:00:0C:E0","0.21624380350112915","-0.17872342467308044","0.08524227142333984","144.05064010369586","43.03847142373737","-25.2306712264444","3300171878"
"D4:22:CD:00:0C:E0","0.2182292491197586","-0.23277656733989716","0.08359622955322266","143.96614742568218","43.2262469836087","-25.37264963277717","3300205212"
"D4:22:CD:00:0C:E0","0.25000908970832825","-0.2601369023323059","0.03675651550292969","143.8427545633747","43.48155010554202","-25.57589047467948","3300238546"
"D4:22:CD:00:0C:E0","0.24288295209407806","-0.22921845316886902","0.05940532684326172","143.7537195343088","43.6665302499901","-25.718262060674345","3300271880"
"D4:22:CD:00:0C:E0","0.20823998749256134","-0.22506849467754364","0.045101165771484375","143.6939129828265","43.79641102815322","-25.803680198187095","3300305214"
"D4:22:CD:00:0C:E0","0.21509332954883575","-0.2164606750011444","0.04403209686279297","143.68139843848326","43.85900153288166","-25.80755238357623","3300338548"
"D4:22:CD:00:0C:E0","0.2209000140428543","-0.18962682783603668","0.045421600341796875","143.70010719068927","43.82547795884886","-25.733571128046936","3300371882"
"D4:22:CD:00:0C:E0","0.2622327208518982","-0.19671016931533813","0.05559825897216797","143.723127678152","43.754695210561565","-25.63571544267668","3300405216"
"D4:22:CD:00:0C:E0","0.2652968168258667","-0.21532993018627167","0.08944225311279297","143.7284673041615","43.71246038475388","-25.568616351544282","3300438550"
"D4:22:CD:00:0C:E0","0.258538156747818","-0.22264796495437622","0.06887435913085938","143.7202656665349","43.69889729902842","-25.534626882475756","3300471884"
"D4:22:CD:00:0C:E0","0.23912113904953003","-0.22931893169879913","0.0817413330078125","143.7119627869169","43.700706477926296","-25.51669956231473","3300505218"
"D4:22:CD:00:0C:E0","0.21031935513019562","-0.2167368233203888","0.0524749755859375","143.70683756210607","43.717960190617795","-25.508632767355504","3300538552"
"D4:22:CD:00:0C:E0","0.21343572437763214","-0.18192625045776367","0.06558990478515625","143.68623597175633","43.79015179969521","-25.544046474602304","3300571886"
"D4:22:CD:00:0C:E0","0.259256511926651","-0.24916978180408478","0.03508758544921875","143.63877093933363","43.97192718392415","-25.662790957283356","3300605220"
"D4:22:CD:00:0C:E0","0.23584343492984772","-0.2145792543888092","0.03917694091796875","143.52017236841695","44.24077399783976","-25.875548096257965","3300638554"
"D4:22:CD:00:0C:E0","0.31589755415916443","-0.23830358684062958","0.025539398193359375","143.40615364180064","44.51039523969467","-26.083701767318942","3300671888"
"D4:22:CD:00:0C:E0","0.21636107563972473","-0.19510501623153687","0.055497169494628906","143.39021738695638","44.55134057633249","-26.10034383974791","3300705222"
"D4:22:CD:00:0C:E0","0.18762196600437164","-0.22132442891597748","0.05880165100097656","143.43522592127894","44.47505888645445","-26.00544831852875","3300738556"
"D4:22:CD:00:0C:E0","0.2491634637117386","-0.23912276327610016","0.0066699981689453125","143.47720381998877","44.310278728771124","-25.841992312190637","3300771890"
"D4:22:CD:00:0C:E0","0.23157458007335663","-0.1762181669473648","0.06375503540039062","143.51354088646468","44.138312264012484","-25.68215543727346","3300805224"
"D4:22:CD:00:0C:E0","0.2255227416753769","-0.2052479237318039","0.08222675323486328","143.51989165489826","44.05026200946776","-25.59127185501576","3300838558"
"D4:22:CD:00:0C:E0","0.2615489959716797","-0.21708762645721436","0.06714820861816406","143.5165831129284","44.00290306175082","-25.536197944992768","3300871892"
"D4:22:CD:00:0C:E0","0.23405510187149048","-0.21316586434841156","0.05901622772216797","143.53496449471194","43.92696354435274","-25.452366472859744","3300905226"
"D4:22:CD:00:0C:E0","0.24507516622543335","-0.19365151226520538","0.06481552124023438","143.53545107155628","43.908615967546204","-25.417408216208685","3300938560"
"D4:22:CD:00:0C:E0","0.22944551706314087","-0.2207561433315277","0.051962852478027344","143.5048119031236","43.953428157627926","-25.443231060561537","3300971894"
"D4:22:CD:00:0C:E0","0.2599687874317169","-0.22644008696079254","0.053429603576660156","143.45927790292308","44.023839685394115","-25.4937580571673","3301005228"
"D4:22:CD:00:0C:E0","0.24509117007255554","-0.2154260277748108","0.06171607971191406","143.40401572491004","44.11703542650768","-25.568057417024587","3301038562"
"D4:22:CD:00:0C:E0","0.1977495402097702","-0.24630144238471985","0.013885498046875","143.35337030101857","44.21323713721804","-25.642203991442333","3301071896"
"D4:22:CD:00:0C:E0","0.21031932532787323","-0.22448992729187012","0.04032421112060547","143.38223316357949","44.20837734637638","-25.566423193700974","3301105230"
"D4:22:CD:00:0C:E0","0.23810164630413055","-0.2648097574710846","0.03868675231933594","143.49180749718866","44.06887682383585","-25.31613350481012","3301138564"
"D4:22:CD:00:0C:E0","0.21222463250160217","-0.21916227042675018","0.019423484802246094","143.6265987105472","43.85556307900864","-25.004312361504077","3301171898"
"D4:22:CD:00:0C:E0","0.2390335351228714","-0.15150736272335052","0.07262134552001953","143.7531478631014","43.5933790908523","-24.68244129798568","3301205232"
"D4:22:CD:00:0C:E0","0.2867204546928406","-0.17125853896141052","0.09982109069824219","143.86718216759837","43.33370337098501","-24.382139101637378","3301238566"
"D4:22:CD:00:0C:E0","0.32897353172302246","-0.19837099313735962","0.12592697143554688","143.96366285401274","43.09808384789239","-24.126154011737587","3301271900"
"D4:22:CD:00:0C:E0","0.11913713067770004","-0.25949037075042725","0.04049968719482422","144.04885254297506","42.95569818461546","-23.910336201142258","3301305234"
"D4:22:CD:00:0C:E0","0.23437188565731049","-0.18006427586078644","0.09792518615722656","144.12678698969862","42.757698604978636","-23.64362192894248","3301338568"
"D4:22:CD:00:0C:E0","0.27876603603363037","-0.23345157504081726","0.05434131622314453","144.214900306847","42.52026454431701","-23.376961183319548","3301371902"
"D4:22:CD:00:0C:E0","0.22964812815189362","-0.2170625925064087","0.13872718811035156","144.30542380729045","42.31625354389008","-23.140465815203683","3301405236"
"D4:22:CD:00:0C:E0","0.1722535341978073","-0.2693953514099121","0.034732818603515625","144.4343842366173","42.05650464655211","-22.807652928317022","3301438570"
"D4:22:CD:00:0C:E0","0.22581394016742706","-0.21193856000900269","0.04395771026611328","144.5419263762656","41.77977663891895","-22.476594177894622","3301471904"
"D4:22:CD:00:0C:E0","0.18838384747505188","-0.15776818990707397","0.11643218994140625","144.6142861514818","41.563482343897114","-22.24053413531013","3301505238"
"D4:22:CD:00:0C:E0","0.25538718700408936","-0.22176362574100494","0.017171859741210938","144.65219703294895","41.462995527669165","-22.10936332563563","3301538572"
"D4:22:CD:00:0C:E0","0.3632790744304657","-0.2922820746898651","-0.04823780059814453","144.6725810609705","41.37504638537959","-22.01673893644293","3301571906"
"D4:22:CD:00:0C:E0","0.37604039907455444","-0.2274283468723297","0.06506729125976562","144.64126133626021","41.364188514384274","-22.0314858909096","3301605240"
"D4:22:CD:00:0C:E0","0.19779755175113678","-0.15735512971878052","0.13390541076660156","144.53059791473984","41.53268531962941","-22.20190836828715","3301638574"
"D4:22:CD:00:0C:E0","0.0878908783197403","-0.05022917315363884","0.1516437530517578","144.37849368539096","41.814014066824555","-22.44297535759704","3301671908"
"D4:22:CD:00:0C:E0","0.21430277824401855","-0.10125841200351715","0.09332466125488281","144.22204967306146","42.236888682146386","-22.739712046543332","3301705242"
"D4:22:CD:00:0C:E0","0.33827832341194153","-0.26993390917778015","-0.05287361145019531","144.1565246293243","42.46894139013461","-22.87532189187106","3301738576"
"D4:22:CD:00:0C:E0","0.31932562589645386","-0.31761929392814636","0.03764152526855469","144.1169769323269","42.602707887543744","-22.978700823914767","3301771910"
"D4:22:CD:00:0C:E0","0.2501119375228882","-0.31701424717903137","0.049414634704589844","143.98677366595754","42.88904042463469","-23.236963259345053","3301805244"
"D4:22:CD:00:0C:E0","0.21255655586719513","-0.2331962138414383","-0.024105072021484375","143.88629195674417","43.07331932703378","-23.397527899677378","3301838578"
"D4:22:CD:00:0C:E0","0.14230647683143616","-0.09087734669446945","0.1627206802368164","143.82893549883198","43.17049898298158","-23.476437584682404","3301871912"
"D4:22:CD:00:0C:E0","0.15743517875671387","-0.11238343268632889","0.09799957275390625","143.74146787880576","43.31221285781769","-23.60048876726822","3301905246"
"D4:22:CD:00:0C:E0","0.3523632884025574","-0.17942413687705994","0.10870075225830078","143.54545954735818","43.678367178867205","-23.962466920266706","3301938580"
"D4:22:CD:00:0C:E0","0.30446192622184753","-0.24795030057430267","0.02227306365966797","143.33744913708762","44.0740578874454","-24.386981348706506","3301971914"
"D4:22:CD:00:0C:E0","0.22817440330982208","-0.19965295493602753","0.17802810668945312","143.1653042386251","44.495412615765204","-24.807829138237167","3302005248"
"D4:22:CD:00:0C:E0","0.1810825914144516","-0.1238206997513771","0.25226402282714844","143.04511374934566","45.00557273317544","-25.260474041190918","3302038582"
"D4:22:CD:00:0C:E0","0.2781580984592438","-0.3046567738056183","-0.15588855743408203","143.02530127388826","45.43673921107744","-25.60497225745119","3302071916"
"D4:22:CD:00:0C:E0","0.14536069333553314","-0.3494367003440857","-0.3169851303100586","142.99254800674464","45.53701862242762","-25.69564519539336","3302105250"
"D4:22:CD:00:0C:E0","0.23604846000671387","-0.037929926067590714","0.4044647216796875","143.07345452638705","45.51290427745307","-25.60532177903075","3302138584"
"D4:22:CD:00:0C:E0","0.2327161729335785","-0.18023504316806793","0.056720733642578125","143.14130206106893","45.58924088305316","-25.58339685836928","3302171918"
"D4:22:CD:00:0C:E0","0.27885958552360535","-0.24270164966583252","-0.04769611358642578","143.13289629912106","45.73297863930933","-25.653452539069498","3302205252"
"D4:22:CD:00:0C:E0","0.18967348337173462","-0.20579877495765686","0.09253215789794922","143.15007397615372","45.7869169480498","-25.65579174014197","3302238586"
"D4:22:CD:00:0C:E0","0.1993960589170456","-0.18140669167041779","0.061568260192871094","143.18388821380347","45.773768992647064","-25.585432440378362","3302271920"
"D4:22:CD:00:0C:E0","0.2576158344745636","-0.2008742243051529","0.07117366790771484","143.22803957490154","45.75690399436535","-25.50072517361931","3302305254"
"D4:22:CD:00:0C:E0","0.2284766286611557","-0.17330221831798553","0.0757894515991211","143.22853046089372","45.80971408713477","-25.49765956392833","3302338588"
"D4:22:CD:00:0C:E0","0.1998022198677063","-0.1671072244644165","0.05826282501220703","143.23704085643388","45.89794379117952","-25.527668251330994","3302371922"
"D4:22:CD:00:0C:E0","0.24989625811576843","-0.15684038400650024","0.15091609954833984","143.26495604474047","45.94365825746496","-25.521031919448998","3302405256"
"D4:22:CD:00:0C:E0","0.2604103088378906","-0.17841775715351105","0.10491752624511719","143.29228670424598","45.975064604104915","-25.511413393382995","3302438590"
"D4:22:CD:00:0C:E0","0.2243170291185379","-0.2007874995470047","0.00518035888671875","143.31371591260944","45.95722962809225","-25.468337694087623","3302471924"
"D4:22:CD:00:0C:E0","0.2199004590511322","-0.20917917788028717","0.052112579345703125","143.29807676102382","45.96972333539491","-25.463685907888703","3302505258"
"D4:22:CD:00:0C:E0","0.21143744885921478","-0.173435777425766","0.09797000885009766","143.2987495785314","46.005751257362924","-25.456459969563856","3302538592"
"D4:22:CD:00:0C:E0","0.2162168323993683","-0.18296825885772705","0.06307506561279297","143.29627916733892","46.061052818677425","-25.46849254408086","3302571926"
"D4:22:CD:00:0C:E0","0.21268689632415771","-0.21562977135181427","0.03697490692138672","143.29563754358637","46.08576013540266","-25.455283525520297","3302605260"
"D4:22:CD:00:0C:E0","0.20867587625980377","-0.1816623955965042","0.08119487762451172","143.27350475005417","46.091526275812434","-25.431139125352917","3302638594"
"D4:22:CD:00:0C:E0","0.23474113643169403","-0.16240842640399933","0.09848594665527344","143.26371695769498","46.09720929607423","-25.40337006087652","3302671928"
"D4:22:CD:00:0C:E0","0.23288805782794952","-0.18405789136886597","0.04635906219482422","143.25057930541038","46.12563318849317","-25.397473204563358","3302705262"
"D4:22:CD:00:0C:E0","0.22002564370632172","-0.18295976519584656","0.025930404663085938","143.25381454226027","46.15624098301216","-25.385328420687724","3302738596"
"D4:22:CD:00:0C:E0","0.24418701231479645","-0.17001110315322876","-0.0082244873046875","143.2869279547885","46.15379074710396","-25.339295387303828","3302771930"
"D4:22:CD:00:0C:E0","0.23634935915470123","-0.18323972821235657","0.14468955993652344","143.32179220744948","46.13213284141288","-25.28580268507226","3302805264"
"D4:22:CD:00:0C:E0","0.22477655112743378","-0.243949756026268","0.16767215728759766","143.35696672288415","46.115779226002694","-25.22979654406146","3302838598"
"D4:22:CD:00:0C:E0","0.17482855916023254","-0.2671128511428833","0.12019634246826172","143.37797864596925","46.133217012823295","-25.18759956895836","3302871932"
"D4:22:CD:00:0C:E0","0.15663565695285797","-0.2634352743625641","0.09616374969482422","143.40589674066212","46.191552273774015","-25.159190293587002","3302905266"
"D4:22:CD:00:0C:E0","0.11132583767175674","-0.2740115821361542","0.014187812805175781","143.44264639947795","46.30199720419215","-25.1630790810445","3302938600"
"D4:22:CD:00:0C:E0","0.17513011395931244","-0.18977780640125275","0.006365776062011719","143.45757476275776","46.440723101156486","-25.20758019109437","3302971934"
"D4:22:CD:00:0C:E0","0.26695555448532104","-0.09702853858470917","0.043636322021484375","143.42658168302444","46.55256745043467","-25.291958260763096","3303005268"
"D4:22:CD:00:0C:E0","0.34385401010513306","-0.05914745107293129","-9.088516235351562E-4","143.31988853611603","46.60561089435077","-25.38750847666188","3303038602"
"D4:22:CD:00:0C:E0","0.3444463312625885","-0.061457011848688126","0.03283977508544922","143.10069136528287","46.626184415793034","-25.529940131784972","3303071936"
"D4:22:CD:00:0C:E0","0.3099653720855713","-0.11943012475967407","0.07143974304199219","142.7814730064735","46.63260964978925","-25.722686799617904","3303105270"
"D4:22:CD:00:0C:E0","0.2499435842037201","-0.16265909373760223","0.1048879623413086","142.45114435625635","46.64664139232038","-25.92265048274433","3303138604"
"D4:22:CD:00:0C:E0","0.1871560662984848","-0.24150116741657257","0.11149120330810547","142.1542218507661","46.67206298868697","-26.09871643284947","3303171938"
"D4:22:CD:00:0C:E0","0.16111135482788086","-0.2564931809902191","0.11888694763183594","141.8914914366614","46.726788108603685","-26.272275009633802","3303205272"
"D4:22:CD:00:0C:E0","0.12208481878042221","-0.29259243607521057","0.10875511169433594","141.6590099881428","46.79298056683419","-26.4412924804006","3303238606"
"D4:22:CD:00:0C:E0","0.13633939623832703","-0.25526487827301025","0.12941646575927734","141.44978158688843","46.86708623602818","-26.61050125792001","3303271940"
"D4:22:CD:00:0C:E0","0.15300534665584564","-0.24866966903209686","0.04013633728027344","141.2811160325752","46.940969225422066","-26.756943134555893","3303305274"
"D4:22:CD:00:0C:E0","0.19674783945083618","-0.21142302453517914","0.031085968017578125","141.16452387836563","47.00524797648666","-26.850187075214887","3303338608"
"D4:22:CD:00:0C:E0","0.24738307297229767","-0.1834537386894226","-0.0037508010864257812","141.0811872160508","47.06389350621994","-26.914118806671087","3303371942"
"D4:22:CD:00:0C:E0","0.2582174241542816","-0.1721571683883667","0.10151195526123047","140.97215204331593","47.100208490773525","-26.999655692885973","3303405276"
"D4:22:CD:00:0C:E0","0.24007749557495117","-0.15525567531585693","0.12833023071289062","140.77140750570933","47.184855712915706","-27.186485522334255","3303438610"
"D4:22:CD:00:0C:E0","0.24587254226207733","-0.20786504447460175","-0.07321739196777344","140.518273958061","47.28195515759652","-27.381889366129155","3303471944"
"D4:22:CD:00:0C:E0","0.2760085165500641","-0.12633879482746124","-0.015718460083007812","140.35845049823698","47.25265468855809","-27.423225235989907","3303505278"
"D4:22:CD:00:0C:E0","0.3011411726474762","-0.13937251269817352","0.11575031280517578","140.34314022948033","47.092307460814546","-27.28912659673769","3303538612"
"D4:22:CD:00:0C:E0","0.16071057319641113","-0.13998225331306458","0.12745952606201172","140.39703799809504","46.89979892581397","-27.09143124376029","3303571946"
"D4:22:CD:00:0C:E0","0.14975622296333313","-0.16262958943843842","0.10534477233886719","140.54548099474357","46.66863891019662","-26.794945767492884","3303605280"
"D4:22:CD:00:0C:E0","0.22098466753959656","-0.2453111708164215","7.429122924804688E-4","140.85283218710904","46.260232601597856","-26.301413389737426","3303638614"
"D4:22:CD:00:0C:E0","0.2285841554403305","-0.2717941999435425","0.07098674774169922","141.2848265906448","45.63363824253476","-25.62231902979674","3303671948"
"D4:22:CD:00:0C:E0","0.013287761248648167","-0.2619782090187073","0.17546653747558594","141.68236392905615","44.9199258414259","-24.850972030535136","3303705282"
"D4:22:CD:00:0C:E0","0.1571793407201767","-0.302615761756897","0.05382347106933594","141.875702055857","44.250957035013734","-24.19126168713316","3303738616"
"D4:22:CD:00:0C:E0","0.3904397785663605","-0.04175803065299988","0.2156362533569336","141.95880783171162","43.617356672907206","-23.69666338196362","3303771950"
"D4:22:CD:00:0C:E0","0.5951663851737976","0.1022852286696434","0.08844757080078125","142.05175597510421","43.155235720870515","-23.40562136965148","3303805284"
"D4:22:CD:00:0C:E0","0.5403906106948853","0.12519977986812592","0.19385623931884766","142.2789034852015","42.759926594614264","-23.205216195690166","3303838618"
"D4:22:CD:00:0C:E0","0.06775714457035065","-0.028586413711309433","0.18080902099609375","142.61538166261806","42.319107833487","-22.943623529790905","3303871952"
"D4:22:CD:00:0C:E0","-0.11947217583656311","-0.11515945941209793","0.2565793991088867","142.8590994796425","42.02429756652898","-22.751758577086655","3303905286"
"D4:22:CD:00:0C:E0","0.10806339979171753","-0.230621337890625","-0.0012254714965820312","143.04825559104506","41.8054873559394","-22.546245804644823","3303938620"
"D4:22:CD:00:0C:E0","0.27457281947135925","-0.259281724691391","-0.004772186279296875","143.31925109956927","41.533479131929866","-22.204570561821534","3303971954"
"D4:22:CD:00:0C:E0","0.19567474722862244","-0.3707621693611145","0.19387245178222656","143.6257762571152","41.260938093989616","-21.862590809406786","3304005288"
"D4:22:CD:00:0C:E0","0.1297132968902588","-0.49449828267097473","-0.040329933166503906","143.91432260603665","41.11376267705105","-21.544644563560567","3304038622"
"D4:22:CD:00:0C:E0","0.16885679960250854","-0.23091916739940643","0.0011730194091796875","144.19513838319773","41.13788201614527","-21.28822688627839","3304071956"
"D4:22:CD:00:0C:E0","-0.09796251356601715","-0.531883716583252","0.10407733917236328","144.48215175181213","41.32809206201644","-20.97657940162217","3304105290"
"D4:22:CD:00:0C:E0","0.06332582980394363","-0.3015579879283905","0.016707420349121094","144.8635485112877","41.51791944928974","-20.59391719372854","3304138624"
"D4:22:CD:00:0C:E0","0.18126234412193298","-0.1324511021375656","-0.07596683502197266","145.1501632778765","41.70878558100641","-20.269512877633172","3304171958"
"D4:22:CD:00:0C:E0","0.09065847843885422","-0.2935183346271515","0.31940174102783203","145.37937223519737","41.997777143985836","-20.111535834930333","3304205292"
"D4:22:CD:00:0C:E0","0.26273807883262634","-0.1514137089252472","0.04237556457519531","145.62923494804903","42.432062513297446","-20.085774511685912","3304238626"
"D4:22:CD:00:0C:E0","0.2715989351272583","-0.65794837474823","0.2045907974243164","145.7537034391765","42.91941991979353","-20.152901474758025","3304271960"
"D4:22:CD:00:0C:E0","0.700037956237793","-0.17879751324653625","-0.08891487121582031","145.8291621341446","43.16754903687924","-20.181658440263956","3304305294"
"D4:22:CD:00:0C:E0","0.7431783676147461","-0.2386530488729477","-0.09121894836425781","145.8682701855259","43.31954450272905","-20.386542321167827","3304338628"
"D4:22:CD:00:0C:E0","0.8185788989067078","-0.2659479081630707","-0.20516490936279297","145.89007886443247","43.373714385799374","-20.728521755116855","3304371962"
"D4:22:CD:00:0C:E0","0.6123892068862915","-0.34358635544776917","-0.29360389709472656","145.82078169133138","43.329477899017995","-21.127909689095983","3304405296"
"D4:22:CD:00:0C:E0","0.5443713068962097","-0.31837430596351624","0.11382770538330078","145.91157164435168","43.044751557297865","-21.292327417864872","3304438630"
"D4:22:CD:00:0C:E0","0.30186572670936584","-0.09223608672618866","-0.1740570068359375","146.02625033647894","42.676234289031605","-21.37507793409886","3304471964"
"D4:22:CD:00:0C:E0","0.16788698732852936","0.0013806394999846816","0.214019775390625","146.25142200885261","42.30104670385248","-21.31018127400489","3304505298"
"D4:22:CD:00:0C:E0","0.06153132766485214","-0.1663118600845337","0.7343692779541016","146.66671932188083","41.942377305491625","-21.128021356771733","3304538632"
"D4:22:CD:00:0C:E0","0.22989383339881897","-0.10088905692100525","0.4879951477050781","147.1650864436958","41.61637668229089","-21.033591192449386","3304571966"
"D4:22:CD:00:0C:E0","0.11557987332344055","-0.10579583793878555","0.26474666595458984","147.63220202670394","41.48017391032328","-21.08585174183039","3304605300"
"D4:22:CD:00:0C:E0","0.1807744801044464","0.0692623034119606","-0.03876209259033203","148.16311075352849","41.34637661068639","-21.1048978498152","3304638634"
"D4:22:CD:00:0C:E0","0.024603817611932755","-0.07548155635595322","-0.0843343734741211","148.60191922624065","41.27516856319216","-21.23578112372903","3304671968"
"D4:22:CD:00:0C:E0","-0.1261417269706726","-0.03658784180879593","-0.04555034637451172","148.99204106513912","41.13755552980511","-21.33998385144956","3304705302"
"D4:22:CD:00:0C:E0","-0.03850748389959335","-0.03968047723174095","0.0029850006103515625","149.2631574354667","41.0243490662389","-21.500082546268672","3304738636"
"D4:22:CD:00:0C:E0","-0.13814616203308105","-0.10316453129053116","0.03883647918701172","149.5357951235804","40.79978520441667","-21.55338733469178","3304771970"
"D4:22:CD:00:0C:E0","0.11912675946950912","-0.15786340832710266","-0.0815744400024414","149.7042146251575","40.679116443295364","-21.6379674166863","3304805304"
"D4:22:CD:00:0C:E0","0.2935095727443695","0.019559059292078018","-0.2760152816772461","149.83218091933932","40.53997329142375","-21.680288119259924","3304838638"
"D4:22:CD:00:0C:E0","0.3595942556858063","0.0895855575799942","-0.2679767608642578","149.83307382641436","40.47612846919555","-21.852736425063352","3304871972"
"D4:22:CD:00:0C:E0","-0.028058642521500587","0.017112040892243385","-0.22642993927001953","149.83233813541995","40.4188124000861","-22.01899219266323","3304905306"
"D4:22:CD:00:0C:E0","-0.08666001260280609","-0.08318213373422623","-0.12280654907226562","149.71289596590498","40.41819785894239","-22.177335352230205","3304938640"
"D4:22:CD:00:0C:E0","-0.18012230098247528","-0.18220999836921692","-0.12596607208251953","149.45096785899983","40.46560579012358","-22.338304332311232","3304971974"
"D4:22:CD:00:0C:E0","-0.20322175323963165","-0.02946716547012329","-0.36297607421875","149.11605919654394","40.5599782952008","-22.43081599668991","3305005308"
"D4:22:CD:00:0C:E0","-0.04150481894612312","-0.04334922134876251","0.4693031311035156","148.88597935435126","40.50017431233802","-22.286339434847605","3305038642"
"D4:22:CD:00:0C:E0","0.17439940571784973","-0.3217960596084595","0.5003566741943359","148.6628273726333","40.32939508317332","-21.9636524348738","3305071976"
"D4:22:CD:00:0C:E0","0.08312646299600601","-0.2080913484096527","0.2965106964111328","148.31660141408085","40.306574493519406","-21.746522215776555","3305105310"
"D4:22:CD:00:0C:E0","0.7758755087852478","-0.164242684841156","-0.18720245361328125","148.07423596377328","40.37413149581947","-21.665126500262524","3305138644"
"D4:22:CD:00:0C:E0","0.5935929417610168","-0.32133394479751587","0.44173145294189453","148.11780676205086","40.34395591870905","-21.475194988343407","3305171978"
"D4:22:CD:00:0C:E0","0.49384427070617676","-0.1882484257221222","0.5140571594238281","148.24082613272412","40.504476979843865","-21.446059942832527","3305205312"
"D4:22:CD:00:0C:E0","0.12234024703502655","-0.20275050401687622","0.058814048767089844","148.58995940311667","40.8331280813535","-21.43943274430034","3305238646"
"D4:22:CD:00:0C:E0","0.05244780331850052","-0.38028204441070557","-0.1645040512084961","149.14862425204527","41.156789254602856","-21.242630275248054","3305271980"
"D4:22:CD:00:0C:E0","0.012481829151511192","-0.08985723555088043","-0.5059652328491211","149.69150877186877","41.52301892720886","-20.963539295522263","3305305314"
"D4:22:CD:00:0C:E0","0.27529558539390564","0.05718333274126053","-0.4763946533203125","150.05108282664793","41.79721830922047","-20.796478168236963","3305338648"
"D4:22:CD:00:0C:E0","0.4402267634868622","-0.0657707005739212","-0.16566753387451172","150.08538220662052","42.00769917567805","-20.88787199092805","3305371982"
"D4:22:CD:00:0C:E0","0.5265485644340515","-0.1903047412633896","0.6720657348632812","149.7406427531081","42.29768073017624","-21.287262260202358","3305405316"
"D4:22:CD:00:0C:E0","0.2335272580385208","0.1287255883216858","0.0898904800415039","149.2591476301172","42.70593318329515","-21.719402398636564","3305438650"
"D4:22:CD:00:0C:E0","-0.07863462716341019","-0.0304102785885334","-0.03020000457763672","149.06549697812133","43.04051333116164","-21.80772637947317","3305471984"
"D4:22:CD:00:0C:E0","-0.17394429445266724","-0.38797613978385925","-0.2628183364868164","149.11277164191478","43.260179831310026","-21.71236168878575","3305505318"
"D4:22:CD:00:0C:E0","-0.10447583347558975","-0.5077081322669983","-0.3388376235961914","149.2461606294267","43.46349826076959","-21.55580162206082","3305538652"
"D4:22:CD:00:0C:E0","0.025910139083862305","-0.49626782536506653","-0.0651397705078125","149.47647074661253","43.5823179122283","-21.225049949892448","3305571986"
"D4:22:CD:00:0C:E0","-0.19209960103034973","-0.17088191211223602","0.31226253509521484","149.7164558380847","43.72293596539224","-20.784803782433556","3305605320"
"D4:22:CD:00:0C:E0","-0.00763720041140914","-0.1699034869670868","0.1878528594970703","149.85394613025161","43.84083112231394","-20.27958293554403","3305638654"
"D4:22:CD:00:0C:E0","0.24980182945728302","-0.07423155754804611","0.1203155517578125","149.8818176102867","43.94470491634623","-19.789462740465446","3305671988"
"D4:22:CD:00:0C:E0","0.5665563941001892","-0.020878233015537262","0.1961650848388672","149.76615422836443","44.1899804759662","-19.56316888415797","3305705322"
"D4:22:CD:00:0C:E0","0.7969417572021484","-0.10658930242061615","0.20819377899169922","149.650264752983","44.50250841213432","-19.565225828986833","3305738656"
"D4:22:CD:00:0C:E0","0.5173030495643616","-0.09122826904058456","0.19870662689208984","149.58780822401508","44.849332448774234","-19.706789779349982","3305771990"
"D4:22:CD:00:0C:E0","0.3132125735282898","-0.11027839034795761","0.10242938995361328","149.52225440707068","45.26107833446775","-19.910505707189156","3305805324"
"D4:22:CD:00:0C:E0","0.41850677132606506","-0.0718950629234314","0.17760276794433594","149.448269796468","45.52842362438931","-20.049053775581037","3305838658"
"D4:22:CD:00:0C:E0","0.4556577801704407","-0.024891743436455727","0.09070587158203125","149.31356992280558","45.760276586179835","-20.216457448461735","3305871992"
"D4:22:CD:00:0C:E0","0.4817986488342285","-0.05141825973987579","-0.04856395721435547","149.13926406269508","46.088389538844815","-20.49542166930612","3305905326"
"D4:22:CD:00:0C:E0","0.3635469079017639","-0.08583970367908478","0.040233612060546875","149.03001819155318","46.457962250977445","-20.822707727778294","3305938660"
"D4:22:CD:00:0C:E0","0.2505476176738739","-0.058959588408470154","0.14750099182128906","148.95381918738252","46.92619047792771","-21.228816449029416","3305971994"
"D4:22:CD:00:0C:E0","0.2112724930047989","-0.14555777609348297","0.06438446044921875","148.8804796997884","47.48286575041289","-21.69950967419381","3306005328"
"D4:22:CD:00:0C:E0","0.16220448911190033","-0.18801261484622955","-0.013518333435058594","148.77632508148","48.019075039918874","-22.19837501437687","3306038662"
"D4:22:CD:00:0C:E0","0.12621362507343292","-0.1694517582654953","0.05253887176513672","148.59736263147798","48.535399722109716","-22.755359642197874","3306071996"
"D4:22:CD:00:0C:E0","0.010813556611537933","-0.1532978117465973","0.040602684020996094","148.35916625328684","49.059645393781445","-23.370017784227052","3306105330"
"D4:22:CD:00:0C:E0","-0.02431013435125351","-0.1895967572927475","-3.47137451171875E-4","148.13921298209004","49.43822512155991","-23.885349854975455","3306138664"
"D4:22:CD:00:0C:E0","-0.09761293977499008","-0.23620358109474182","0.006511688232421875","147.9629752420701","49.65633600113632","-24.256396333961572","3306171998"
"D4:22:CD:00:0C:E0","-0.11911316961050034","-0.2030828595161438","0.15256977081298828","147.84552263991324","49.825842935961816","-24.46883905845387","3306205332"
"D4:22:CD:00:0C:E0","0.06319795548915863","-0.24716509878635406","0.1266317367553711","147.75185978279956","50.122374335785366","-24.68235028963536","3306238666"
"D4:22:CD:00:0C:E0","0.0799025148153305","-0.256801962852478","-0.07855415344238281","147.64957080139092","50.50419171840495","-24.936834611598663","3306272000"
"D4:22:CD:00:0C:E0","0.04647659882903099","-0.2160767912864685","-0.050365447998046875","147.58144798484537","50.77355752943408","-25.053233176273878","3306305334"
"D4:22:CD:00:0C:E0","0.1831255555152893","-0.06434055417776108","0.2625846862792969","147.6931000508544","50.79700621804767","-24.8738366881721","3306338668"
"D4:22:CD:00:0C:E0","0.31307271122932434","-0.11587638407945633","0.028634071350097656","147.8424310240048","50.78783276660476","-24.652804517317705","3306372002"
"D4:22:CD:00:0C:E0","0.23398606479167938","-0.12475431710481644","-0.0521087646484375","147.894871071058","50.75391527152735","-24.499251907377026","3306405336"
"D4:22:CD:00:0C:E0","0.21409404277801514","-0.00555764976888895","0.18004226684570312","147.96039927918875","50.6899002759481","-24.331436627044507","3306438670"
"D4:22:CD:00:0C:E0","0.18470995128154755","-0.07315579056739807","0.060138702392578125","148.11471752616433","50.5730462148955","-24.07918549807443","3306472004"
"D4:22:CD:00:0C:E0","0.10593782365322113","-0.1955912709236145","-0.024634361267089844","148.26794255288144","50.362500004651714","-23.781504419262728","3306505338"
"D4:22:CD:00:0C:E0","0.2794153690338135","-0.09056398272514343","0.2830076217651367","148.4468807123067","50.16087921672386","-23.468615558275438","3306538672"
"D4:22:CD:00:0C:E0","0.22488971054553986","-0.0494067557156086","0.10753440856933594","148.59972506390588","50.104336830242744","-23.283612945105467","3306572006"
"D4:22:CD:00:0C:E0","0.29341888427734375","-0.08911081403493881","0.012256622314453125","148.70484623761016","50.064659052638746","-23.137997055686863","3306605340"
"D4:22:CD:00:0C:E0","0.26248282194137573","-0.07504067569971085","0.023983001708984375","148.7770924083847","49.97306513845664","-23.01342548045973","3306638674"
"D4:22:CD:00:0C:E0","0.22187510132789612","-0.07859642803668976","0.10865497589111328","148.85140144238733","49.87708222248417","-22.890517990848547","3306672008"
"D4:22:CD:00:0C:E0","0.19902470707893372","-0.0938463881611824","0.10712623596191406","148.94049121361508","49.8230690685376","-22.798841405028817","3306705342"
"D4:22:CD:00:0C:E0","0.11362718045711517","-0.12676827609539032","0.0823068618774414","149.01488052845332","49.847658278107964","-22.777296710628278","3306738676"
"D4:22:CD:00:0C:E0","0.15518401563167572","-0.16503436863422394","0.12520122528076172","149.08112243259978","49.9092073185967","-22.795827048539643","3306772010"
"D4:22:CD:00:0C:E0","0.10128747671842575","-0.14342322945594788","0.05051994323730469","149.12091559173473","49.94201713988904","-22.848412019667485","3306805344"
"D4:22:CD:00:0C:E0","0.0697159692645073","-0.12489791959524155","0.05881309509277344","149.09732348096284","49.96373642582122","-22.943464552900792","3306838678"
"D4:22:CD:00:0C:E0","0.10214237868785858","-0.12398744374513626","0.060448646545410156","149.05680120183382","49.95193078938364","-23.006280551767613","3306872012"
"D4:22:CD:00:0C:E0","0.11035570502281189","-0.135022833943367","0.024709701538085938","148.99774228182758","49.92397295313525","-23.047881302316185","3306905346"
"D4:22:CD:00:0C:E0","0.11532491445541382","-0.15296031534671783","0.08451557159423828","148.91241816554208","49.88657439392401","-23.081837717853478","3306938680"
"D4:22:CD:00:0C:E0","0.12059187144041061","-0.18840108811855316","0.0399322509765625","148.82837591007538","49.840890232995","-23.09804899895715","3306972014"
"D4:22:CD:00:0C:E0","0.13473549485206604","-0.1502295434474945","0.08907604217529297","148.7371177084425","49.77906842419218","-23.087043024871612","3307005348"
"D4:22:CD:00:0C:E0","0.22947652637958527","-0.12541088461875916","0.14345645904541016","148.68739752363706","49.692163406334046","-23.022887467289873","3307038682"
"D4:22:CD:00:0C:E0","0.158739373087883","-0.1444336175918579","-0.005096435546875","148.64038798310395","49.594363944350356","-22.957730574347792","3307072016"
"D4:22:CD:00:0C:E0","0.15399770438671112","-0.12128964066505432","0.06629085540771484","148.5739853370913","49.47169069980722","-22.882122811226317","3307105350"
"D4:22:CD:00:0C:E0","0.17288745939731598","-0.11244959384202957","0.0983572006225586","148.49985486240084","49.3583310586726","-22.82659058831132","3307138684"
"D4:22:CD:00:0C:E0","0.12727198004722595","-0.08767284452915192","0.0913705825805664","148.41169241513558","49.26979381468813","-22.79766745847964","3307172018"
"D4:22:CD:00:0C:E0","0.1377568393945694","-0.10753655433654785","0.09845161437988281","148.33869291956242","49.20820334091581","-22.784011669035525","3307205352"
"D4:22:CD:00:0C:E0","0.1940556764602661","-0.13789933919906616","0.06143760681152344","148.31561422929136","49.096704064914626","-22.73378766717864","3307238686"
"D4:22:CD:00:0C:E0","0.16469250619411469","-0.17722196877002716","-0.11637306213378906","148.44850120177182","48.65616296024075","-22.436053857750657","3307272020"
"D4:22:CD:00:0C:E0","0.17293308675289154","-0.25254026055336","-0.2196645736694336","148.7535887397794","47.82942124459659","-21.84042194361625","3307305354"
"D4:22:CD:00:0C:E0","0.10548564046621323","-0.2006213217973709","0.22821998596191406","149.28201119885293","46.68211251821968","-20.933748928081435","3307338688"
"D4:22:CD:00:0C:E0","0.2550773024559021","-0.25969433784484863","-0.0776224136352539","149.9532432620399","45.19532071175637","-19.773706713205893","3307372022"
"D4:22:CD:00:0C:E0","0.25762298703193665","-0.289042592048645","-0.06913185119628906","150.6511656869288","43.36061244108192","-18.45428618748038","3307405356"
"D4:22:CD:00:0C:E0","0.3284057378768921","-0.21968507766723633","0.30721569061279297","151.42960386710956","41.308271404173475","-17.02158999576951","3307438690"
"D4:22:CD:00:0C:E0","0.14473964273929596","-0.3091472387313843","0.04371452331542969","152.514303407177","38.52901804213576","-15.067693121726956","3307472024"
"D4:22:CD:00:0C:E0","0.09016992151737213","0.031582046300172806","0.6260347366333008","153.6424223206853","36.15135140016031","-13.175093200103252","3307505358"
"D4:22:CD:00:0C:E0","0.8242128491401672","0.06518710404634476","0.8144121170043945","154.8153792466025","34.323210501023226","-11.726587790146791","3307538692"
"D4:22:CD:00:0C:E0","0.4288271963596344","-0.02229429967701435","1.396322250366211","156.49836072966477","32.31536735365641","-10.14736569276313","3307572026"
"D4:22:CD:00:0C:E0","-0.3724619746208191","-1.220579743385315","3.054546356201172","158.50377244539325","31.25391083856382","-8.753277938389465","3307605360"
"D4:22:CD:00:0C:E0","-0.7590931057929993","0.8346347212791443","2.257185935974121","160.78748909412022","31.309007777316168","-7.546743295282984","3307638694"
"D4:22:CD:00:0C:E0","-0.3635590076446533","-0.1777372807264328","3.7263612747192383","164.85989412251047","32.5355731912115","-5.51757627319352","3307672028"
"D4:22:CD:00:0C:E0","-0.14677651226520538","-0.6634569764137268","2.3372583389282227","169.97548363572497","33.99152228008134","-2.8652146165541943","3307705362"
"D4:22:CD:00:0C:E0","0.33251774311065674","-1.4787143468856812","4.02021598815918","176.11369414150886","35.35714566686474","0.43877053099119606","3307738696"
"D4:22:CD:00:0C:E0","2.0618417263031006","-1.8304548263549805","2.728030204772949","-176.51154865195912","37.22451566481946","4.270813051422348","3307772030"
"D4:22:CD:00:0C:E0","2.1576764583587646","-1.5843892097473145","1.3637924194335938","-168.89422685627258","36.296928000402055","7.753950018595153","3307805364"
"D4:22:CD:00:0C:E0","0.8108742833137512","-2.2757575511932373","0.6176671981811523","-161.15523033830337","34.6987516455917","10.54305398885658","3307838698"
"D4:22:CD:00:0C:E0","-0.24174726009368896","-1.8361750841140747","-0.279083251953125","-153.28838483507323","33.23760317009194","13.058211257780306","3307872032"
"D4:22:CD:00:0C:E0","-0.5944393277168274","-1.1329305171966553","-0.9394054412841797","-145.19705343441083","32.45326938254592","15.96793200551634","3307905366"
"D4:22:CD:00:0C:E0","1.0073343515396118","-1.5777748823165894","-0.9690074920654297","-136.73379573475057","32.181649362651086","19.54244521030135","3307938700"
"D4:22:CD:00:0C:E0","0.5294108986854553","-0.33294445276260376","-2.605255126953125","-128.36578496197666","31.603746153983174","23.077184795600804","3307972034"
"D4:22:CD:00:0C:E0","0.9812355041503906","0.22847740352153778","-2.804046630859375","-120.90466222793555","30.354936752284107","25.633282313346697","3308005368"
"D4:22:CD:00:0C:E0","0.7985906600952148","0.1870555281639099","-2.8952555656433105","-114.2379135638312","28.935184492570514","27.498960521423818","3308038702"
"D4:22:CD:00:0C:E0","-0.17778711020946503","1.5472773313522339","-3.208446502685547","-108.58268258152525","27.477657264577903","28.550748056499142","3308072036"
"D4:22:CD:00:0C:E0","-1.1172568798065186","2.7037954330444336","-2.8209099769592285","-104.06539068081732","26.22437307275714","29.371533842480627","3308105370"
"D4:22:CD:00:0C:E0","-1.0175769329071045","2.9465651512145996","-2.771707534790039","-100.66279000763909","25.378443841497003","30.666037443040153","3308138704"
"D4:22:CD:00:0C:E0","-0.4416693150997162","3.067967414855957","-2.9859585762023926","-99.05885542282742","25.005325014262528","31.613501251876496","3308172038"
"D4:22:CD:00:0C:E0","-0.3957522213459015","2.4566807746887207","-2.950089454650879","-99.41441662990104","25.26944765014559","31.91984010214257","3308205372"
"D4:22:CD:00:0C:E0","-0.7612727880477905","2.1089136600494385","-2.99168062210083","-101.45778778654287","26.158432685515645","31.84649012564704","3308238706"
"D4:22:CD:00:0C:E0","-0.532410740852356","1.6625776290893555","-3.2897896766662598","-104.90870783390771","27.58935429297892","31.53986260538392","3308272040"
"D4:22:CD:00:0C:E0","-0.7733371257781982","1.2806179523468018","-3.0487537384033203","-109.71168217591169","29.398356350193417","30.724308000267673","3308305374"
"D4:22:CD:00:0C:E0","-0.7566702961921692","1.075404405593872","-2.8759937286376953","-115.75449728177205","31.389573331481635","29.38848480218089","3308338708"
"D4:22:CD:00:0C:E0","-0.5645164251327515","0.44704559445381165","-2.430664539337158","-122.85938371664446","33.42230409837068","27.707040140132847","3308372042"
"D4:22:CD:00:0C:E0","-0.35742995142936707","-0.5104067921638489","-1.5202646255493164","-130.47234360614812","35.59595622028708","25.992973778804593","3308405376"
"D4:22:CD:00:0C:E0","-0.44984444975852966","-0.1133657693862915","-2.333188533782959","-138.85629381772827","37.37422981240619","23.49855479543638","3308438710"
"D4:22:CD:00:0C:E0","-0.6143636703491211","-1.030339002609253","0.09903717041015625","-148.10424302842915","38.59889553079054","20.22242211623462","3308472044"
"D4:22:CD:00:0C:E0","1.783530592918396","-3.040132761001587","0.9227695465087891","-156.88046825380772","40.15908265643194","17.066902503511997","3308505378"
"D4:22:CD:00:0C:E0","0.6730585098266602","-1.1158604621887207","-0.1986856460571289","-166.21222458172565","40.1108844569135","13.019822485629229","3308538712"
"D4:22:CD:00:0C:E0","1.7737473249435425","-2.0668225288391113","2.8818721771240234","-174.66421478730663","40.749002104745145","9.395181334094179","3308572046"
"D4:22:CD:00:0C:E0","2.1932172775268555","-2.0838027000427246","1.8417015075683594","177.6795877976779","40.175157815958855","5.888115397714796","3308605380"
"D4:22:CD:00:0C:E0","-0.47786858677864075","-1.0100820064544678","1.9593305587768555","170.91847935987846","38.0879445111672","3.1203615985590623","3308638714"
"D4:22:CD:00:0C:E0","2.00445294380188","-1.4783498048782349","4.2385406494140625","165.2432745190618","36.945632487418855","1.084602624626541","3308672048"
"D4:22:CD:00:0C:E0","-0.00862169824540615","-1.3583030700683594","3.1902236938476562","161.37160777520506","34.54159115669789","0.22727691592770546","3308705382"
"D4:22:CD:00:0C:E0","-0.577544093132019","-0.44378429651260376","4.309106826782227","159.22665100869082","33.365014226768025","-0.04525386302661624","3308738716"
"D4:22:CD:00:0C:E0","-0.03071722574532032","-0.024021385237574577","3.3656015396118164","159.19085648026456","32.54781972549957","0.5035597064103449","3308772050"
"D4:22:CD:00:0C:E0","-0.14297161996364594","-0.9606752395629883","3.4316911697387695","160.12117305238894","32.44411926650645","0.9840536977651084","3308805384"
"D4:22:CD:00:0C:E0","1.0375269651412964","0.4399759769439697","3.5014305114746094","161.37164530194698","32.57188013885603","0.9025714505455411","3308838718"
"D4:22:CD:00:0C:E0","0.6005644202232361","0.48906758427619934","3.299069404602051","164.3537491749326","32.52526843699618","1.5064627228971612","3308872052"
"D4:22:CD:00:0C:E0","0.29544323682785034","-0.41322293877601624","3.1807518005371094","168.907767137309","32.65902250935339","2.8315580976586388","3308905386"
"D4:22:CD:00:0C:E0","0.4898987114429474","-0.5571467280387878","3.771491050720215","174.65344517584893","33.0773833236886","4.7130593374345455","3308938720"
"D4:22:CD:00:0C:E0","0.08369871973991394","-1.0546396970748901","3.547250747680664","-178.3562861777548","33.80229858000926","7.152787566795745","3308972054"
"D4:22:CD:00:0C:E0","0.07147295027971268","-0.9218932390213013","2.748014450073242","-170.3582789289348","34.84607376395802","10.21926940848373","3309005388"
"D4:22:CD:00:0C:E0","0.550051748752594","-1.5229291915893555","2.0401697158813477","-161.32315932446934","35.8836493471947","14.133813250365586","3309038722"
"D4:22:CD:00:0C:E0","0.7928584218025208","-1.783031702041626","0.3011026382446289","-151.56759392375486","36.25221187097663","18.70153145635572","3309072056"
"D4:22:CD:00:0C:E0","0.5251126885414124","-1.8274515867233276","-0.7448444366455078","-141.62971662853556","35.67319562442205","23.45522481881241","3309105390"
"D4:22:CD:00:0C:E0","0.1745089292526245","-1.6736818552017212","-2.2346901893615723","-131.9044800413007","34.29983776256325","28.05840546709336","3309138724"
"D4:22:CD:00:0C:E0","0.11859003454446793","-2.210930109024048","-2.420295238494873","-122.79304549575612","32.27987846323339","32.15109232846086","3309172058"
"D4:22:CD:00:0C:E0","0.41852453351020813","-1.437829852104187","-3.1899261474609375","-114.53875723549572","29.818445478423666","35.44394480553999","3309205392"
"D4:22:CD:00:0C:E0","-0.1069536879658699","-0.5419310927391052","-3.5842161178588867","-107.13005340171107","27.218844337958135","38.118810028131804","3309238726"
"D4:22:CD:00:0C:E0","-0.4087100625038147","0.8946568965911865","-3.4075145721435547","-100.7985366469928","24.59049102862681","39.90568753408804","3309272060"
"D4:22:CD:00:0C:E0","-0.40469205379486084","1.6584967374801636","-2.7415218353271484","-95.42922986532305","22.244520175839188","41.28753153645854","3309305394"
"D4:22:CD:00:0C:E0","-0.25991982221603394","3.7013611793518066","-2.5793509483337402","-91.37588101543307","20.488902454306235","41.92026471102201","3309338728"
"D4:22:CD:00:0C:E0","-0.7293235063552856","4.003028392791748","-2.309600353240967","-88.92602768896384","19.632015232760452","42.105099796422245","3309372062"
"D4:22:CD:00:0C:E0","-1.158843994140625","2.9896562099456787","-2.1862730979919434","-88.20060849631939","19.709888744240555","42.048821688382475","3309405396"
"D4:22:CD:00:0C:E0","-1.6737563610076904","1.726884126663208","-2.064840793609619","-88.94503258511473","20.42855937231304","42.27644927785496","3309438730"
"D4:22:CD:00:0C:E0","-1.6527209281921387","1.7749494314193726","-2.107569694519043","-90.9086270946578","21.428852893341926","42.94551306609499","3309472064"
"D4:22:CD:00:0C:E0","-1.38982093334198","1.7032451629638672","-2.260929584503174","-94.1359778122793","22.709543590488813","43.49484944503233","3309505398"
"D4:22:CD:00:0C:E0","-1.0637104511260986","0.4340816140174866","-2.2837343215942383","-98.25314282116724","24.370343525820875","43.90133767369595","3309538732"
"D4:22:CD:00:0C:E0","-1.4988456964492798","0.4471541941165924","-2.1794161796569824","-103.15333975234653","26.3874646899673","43.94648326711807","3309572066"
"D4:22:CD:00:0C:E0","-1.5731878280639648","0.04435212165117264","-2.183828353881836","-108.83889817568097","28.632138941727213","43.90232594719731","3309605400"
"D4:22:CD:00:0C:E0","-0.5569221377372742","-0.7529072165489197","-1.9264845848083496","-115.29423630085799","31.075992238401675","43.64824170424882","3309638734"
"D4:22:CD:00:0C:E0","-0.9083247184753418","-0.6192817687988281","-2.249833583831787","-122.50863948814487","33.529200935125715","42.734151982907996","3309672068"
"D4:22:CD:00:0C:E0","0.05385318398475647","-0.5484977960586548","-2.688213348388672","-130.989651064245","35.44527614287579","40.55127606786633","3309705402"
"D4:22:CD:00:0C:E0","0.2154490202665329","-1.2583545446395874","-1.4377403259277344","-140.47762118082963","36.513755903962334","37.36045047652295","3309738736"
"D4:22:CD:00:0C:E0","-0.7846114039421082","-2.2342638969421387","-1.5603828430175781","-150.07200129818284","37.391107618899724","34.59311430220984","3309772070"
"D4:22:CD:00:0C:E0","1.8294806480407715","-1.6333577632904053","-0.8557653427124023","-160.30858160836345","37.39020926456704","31.643777177656347","3309805404"
"D4:22:CD:00:0C:E0","0.5413309335708618","-2.8348350524902344","0.9070291519165039","-170.329248543117","37.43895517629228","28.718165512466527","3309838738"
"D4:22:CD:00:0C:E0","1.9907559156417847","-3.1939961910247803","2.044729232788086","-179.62072510927808","37.023472758081695","26.220653352472684","3309872072"
"D4:22:CD:00:0C:E0","2.2208845615386963","-1.7151424884796143","2.140674591064453","171.9045657403202","34.711484101087976","24.4635091424575","3309905406"
"D4:22:CD:00:0C:E0","0.6263142228126526","-2.219637155532837","3.328775405883789","164.80591428710724","34.02202436827474","23.245264766485256","3309938740"
"D4:22:CD:00:0C:E0","2.808736562728882","-0.9531951546669006","2.8051271438598633","158.93976278762148","31.708279529957913","23.129105386604724","3309972074"
"D4:22:CD:00:0C:E0","0.6228352189064026","-0.6126152873039246","3.1412487030029297","154.68254594699852","27.615698268001108","24.09650888831544","3310005408"
"D4:22:CD:00:0C:E0","0.10556288063526154","1.5351113080978394","5.792630195617676","152.0682737239544","21.65924288130757","26.436984763120844","3310038742"
"D4:22:CD:00:0C:E0","-3.761434316635132","-0.8021788597106934","4.079029083251953","150.78582429167","15.915232419257716","29.923505900641583","3310072076"
"D4:22:CD:00:0C:E0","-4.079955577850342","-1.3898735046386719","0.5648126602172852","150.04289086636788","13.988192261317227","32.19327039009096","3310105410"
"D4:22:CD:00:0C:E0","-1.0456360578536987","-0.9228047728538513","0.735051155090332","149.6686797731008","14.476090771390277","33.228847991438585","3310138744"
"D4:22:CD:00:0C:E0","0.3464924693107605","0.11034052073955536","0.8808526992797852","149.77149955601357","15.275308884372972","33.54525924244684","3310172078"
"D4:22:CD:00:0C:E0","0.6790621280670166","0.02497868984937668","0.6528043746948242","150.49845700459733","15.911727397347345","33.70278364346273","3310205412"
"D4:22:CD:00:0C:E0","0.6237779259681702","0.530601441860199","0.9167919158935547","151.56395379057412","16.585630434634886","33.77123218086323","3310238746"
"D4:22:CD:00:0C:E0","0.23517686128616333","0.7503340840339661","1.265610694885254","153.10435243042554","17.172847106880965","33.76192866244882","3310272080"
"D4:22:CD:00:0C:E0","0.33508503437042236","1.0192711353302002","2.0681285858154297","155.19361874629988","17.548364959197784","33.86815830615393","3310305414"
"D4:22:CD:00:0C:E0","0.44788044691085815","1.0846508741378784","2.6494626998901367","158.0686434731922","17.825123114020442","34.005384982548165","3310338748"
"D4:22:CD:00:0C:E0","0.45711058378219604","0.8747578263282776","2.440340042114258","161.8186137158313","17.599106203817758","34.28360408770265","3310372082"
"D4:22:CD:00:0C:E0","-0.9832948446273804","0.03737226128578186","2.897801399230957","166.3224301747284","17.67550199428401","34.42005506451177","3310405416"
"D4:22:CD:00:0C:E0","-0.14583063125610352","-0.32398438453674316","3.3359155654907227","171.59420003257964","18.432747415182604","34.625329316780984","3310438750"
"D4:22:CD:00:0C:E0","-0.427694171667099","-4.140379905700684","3.7280120849609375","177.28163838849568","18.448473772198202","33.85484159839734","3310472084"
"D4:22:CD:00:0C:E0","0.737863302230835","-0.19520582258701324","2.1852502822875977","-175.72095660296088","20.84467338588911","35.85540903556729","3310505418"
"D4:22:CD:00:0C:E0","1.9819999933242798","-1.4213677644729614","1.771315574645996","-168.32939844580363","21.518941932441308","37.27267709488158","3310538752"
"D4:22:CD:00:0C:E0","2.334972620010376","-1.5832215547561646","1.1225194931030273","-160.4957289425308","21.24065190248602","38.694283270581664","3310572086"
"D4:22:CD:00:0C:E0","1.6086981296539307","-1.79355788230896","-0.3196220397949219","-152.475567710945","20.27487967723554","39.80457472675221","3310605420"
"D4:22:CD:00:0C:E0","0.32376036047935486","-2.4921376705169678","-0.6268310546875","-144.34470651118048","19.293878215700442","40.90780755341969","3310638754"
"D4:22:CD:00:0C:E0","-0.3028004467487335","-2.2882766723632812","-1.8390617370605469","-135.94827455583354","18.729697254614333","42.649786459037585","3310672088"
"D4:22:CD:00:0C:E0","-0.13422660529613495","-1.6554840803146362","-2.30344295501709","-127.40327389397845","18.592290093634062","45.65795991999221","3310705422"
"D4:22:CD:00:0C:E0","-0.491873174905777","-2.4500856399536133","-2.511996269226074","-118.76021982341219","18.276675825501687","49.88553145171809","3310738756"
"D4:22:CD:00:0C:E0","-0.31719204783439636","-0.4567382335662842","-3.139146327972412","-110.16950752984577","17.437907788638075","55.51715379534702","3310772090"
"D4:22:CD:00:0C:E0","0.010926654562354088","2.083740711212158","-3.6242427825927734","-102.70056422179798","15.619382057152558","60.62796795943346","3310805424"
"D4:22:CD:00:0C:E0","-0.7061256170272827","3.368314266204834","-3.7084083557128906","-97.43194529693768","13.575003642191168","62.92641122985837","3310838758"
"D4:22:CD:00:0C:E0","-1.1662266254425049","4.217608451843262","-3.3613357543945312","-94.27487993215719","12.341671792088784","63.181430788766704","3310872092"
"D4:22:CD:00:0C:E0","-1.9068440198898315","2.7824108600616455","-2.937549114227295","-93.31531636162153","12.32293802418025","61.95098073855754","3310905426"
"D4:22:CD:00:0C:E0","-2.576043128967285","1.3049620389938354","-2.554515838623047","-94.20524352964988","13.162547309861834","60.69075636047555","3310938760"
"D4:22:CD:00:0C:E0","-2.6596570014953613","0.8852071762084961","-2.252655506134033","-96.60205509930528","14.372186336423727","60.063450421972405","3310972094"
"D4:22:CD:00:0C:E0","-1.8506519794464111","1.6339362859725952","-2.1874799728393555","-100.34770130710272","15.812708213283257","59.46169840044233","3311005428"
"D4:22:CD:00:0C:E0","-1.6578669548034668","1.2903186082839966","-2.32668399810791","-105.17304153322814","17.521365715928695","58.38520701453903","3311038762"
"D4:22:CD:00:0C:E0","-0.870429277420044","1.1485930681228638","-2.101025104522705","-110.5800838332479","19.640072110677117","57.32730493904772","3311072096"
"D4:22:CD:00:0C:E0","-0.8453032970428467","0.5064569115638733","-2.166703701019287","-116.62842973855957","21.89713609308331","55.806175444874235","3311105430"
"D4:22:CD:00:0C:E0","-0.6214574575424194","-0.15363140404224396","-2.1460862159729004","-123.3927998870702","24.139553081382957","53.997039282835296","3311138764"
"D4:22:CD:00:0C:E0","-0.589983344078064","-0.47216495871543884","-2.7519359588623047","-130.59482153560015","26.487872962126655","52.40196405480092","3311172098"
"D4:22:CD:00:0C:E0","-0.01874200813472271","-1.641244649887085","-2.106118679046631","-138.10716000683675","29.065407332971912","50.98357427868192","3311205432"
"D4:22:CD:00:0C:E0","1.2178747653961182","-2.0549421310424805","-1.109553337097168","-145.94526518594614","31.79299561075886","49.23572908898661","3311238766"
"D4:22:CD:00:0C:E0","2.5725812911987305","-2.0416808128356934","0.3514232635498047","-153.98570668185698","34.06046008328129","46.3975684826448","3311272100"
"D4:22:CD:00:0C:E0","0.10417156666517258","-2.0916059017181396","-1.1644668579101562","-161.63968919326038","37.0217190104653","43.27999370862988","3311305434"
"D4:22:CD:00:0C:E0","4.619382381439209","-0.5746262073516846","1.1263923645019531","-170.1312999318273","37.826952823573464","39.161783092104734","3311338768"
"D4:22:CD:00:0C:E0","0.57581627368927","-2.792628049850464","1.005387306213379","-178.32573613981845","35.6639811282182","34.635152910923146","3311372102"
"D4:22:CD:00:0C:E0","0.2918168306350708","-2.1564016342163086","0.1493206024169922","174.1378440704336","34.3754371405371","31.212701160829408","3311405436"
"D4:22:CD:00:0C:E0","1.668953537940979","-2.0464401245117188","4.221856117248535","167.52984837754659","30.323003789336564","29.237318028944067","3311438770"
"D4:22:CD:00:0C:E0","-3.0416197776794434","-3.3511219024658203","1.7300281524658203","162.24183472890368","28.459996852085414","27.648669514090372","3311472104"
"D4:22:CD:00:0C:E0","0.6836385130882263","-0.8334664106369019","4.114648818969727","157.52381627829394","28.274264984459744","26.111935761308132","3311505438"
"D4:22:CD:00:0C:E0","0.1524592489004135","-0.4408752918243408","2.8880014419555664","154.09825699569805","27.239866489767326","24.892343403893733","3311538772"
"D4:22:CD:00:0C:E0","-1.6011062860488892","2.252636671066284","2.6922054290771484","151.96863339808928","25.4664901084125","24.769208631190843","3311572106"
"D4:22:CD:00:0C:E0","-1.8747165203094482","3.537925958633423","2.6584157943725586","150.95945845741298","22.18062186104438","26.946123406648177","3311605440"
"D4:22:CD:00:0C:E0","-1.9790749549865723","2.720050811767578","0.5518331527709961","150.10353293334606","19.039817558414555","28.882179890526196","3311638774"
"D4:22:CD:00:0C:E0","-0.2667773962020874","0.7648488283157349","0.12118053436279297","149.2431818440307","16.626253361395218","29.73456384673405","3311672108"
"D4:22:CD:00:0C:E0","-0.032036054879426956","-0.15700355172157288","0.5373268127441406","148.86904703994728","14.991528864473084","30.475527627408244","3311705442"
"D4:22:CD:00:0C:E0","-0.44887951016426086","-1.044945240020752","-0.6831760406494141","148.75632790689158","14.311787169645868","30.884824004253403","3311738776"
"D4:22:CD:00:0C:E0","0.14118720591068268","-0.49869897961616516","-0.37998199462890625","148.53576904590022","14.405423010306212","30.65173270918066","3311772110"
"D4:22:CD:00:0C:E0","0.12119632214307785","-0.20645198225975037","0.04091358184814453","148.2557539706423","14.723166433102636","30.112053947573703","3311805444"
"D4:22:CD:00:0C:E0","-0.0073287105187773705","0.02863290347158909","0.2058420181274414","147.96238727106447","14.827454093355247","29.6353589042667","3311838778"
"D4:22:CD:00:0C:E0","-0.6215517520904541","-0.44268327951431274","0.3676900863647461","147.66515737865893","14.276753954189862","29.576356450127236","3311872112"
"D4:22:CD:00:0C:E0","-0.48001915216445923","-0.3885385990142822","0.2821178436279297","147.4504475377883","13.62629550382613","29.769009570544355","3311905446"
"D4:22:CD:00:0C:E0","-0.09571931511163712","-0.3178718686103821","-0.1450786590576172","147.3384420299093","13.108703104083041","29.984008931210905","3311938780"
"D4:22:CD:00:0C:E0","-0.17196471989154816","-0.040822628885507584","0.27149200439453125","147.30546864039488","13.007022469626932","29.997788834180117","3311972114"
"D4:22:CD:00:0C:E0","-0.2621876895427704","0.302702933549881","0.5418424606323242","147.49858047576","13.09585924774269","30.031500146294007","3312005448"
"D4:22:CD:00:0C:E0","-0.6097326278686523","-0.13372847437858582","0.1809225082397461","147.8366658799471","13.38291195105059","30.096582896977335","3312038782"
"D4:22:CD:00:0C:E0","-0.6885897517204285","-0.08437994122505188","0.44318103790283203","148.2030882558124","13.709528814578855","30.219832157550837","3312072116"
"D4:22:CD:00:0C:E0","-0.2785089313983917","-0.2360520362854004","0.08337593078613281","148.72721160365546","14.301259803236803","30.214901714448455","3312105450"
"D4:22:CD:00:0C:E0","-0.361720472574234","-0.2773008942604065","-0.08469676971435547","149.2786013361704","15.021422981541594","30.050246129520474","3312138784"
"D4:22:CD:00:0C:E0","-0.3686830699443817","-0.1441526710987091","-0.16242027282714844","149.7454263714987","15.741609974168911","29.82447582468358","3312172118"
"D4:22:CD:00:0C:E0","-0.21233831346035004","-0.1777578443288803","0.0722818374633789","150.10455616897232","16.284506815813124","29.601981512952378","3312205452"
"D4:22:CD:00:0C:E0","-0.2057671993970871","-0.37714883685112","-0.2566967010498047","150.38685613567745","16.787589990651778","29.404923654831652","3312238786"
"D4:22:CD:00:0C:E0","-0.06351461261510849","-0.3655981421470642","-0.24884319305419922","150.56893680543394","17.044036422450713","29.312125872749046","3312272120"
"D4:22:CD:00:0C:E0","-0.08109491318464279","-0.22230017185211182","-0.24282455444335938","150.6793689160554","17.21394174637778","29.284869818329522","3312305454"
"D4:22:CD:00:0C:E0","-0.23815299570560455","-0.19202981889247894","-0.2775382995605469","150.7182608842541","17.263045291037592","29.294864326671533","3312338788"
"D4:22:CD:00:0C:E0","-0.3151624798774719","-0.03333829715847969","-0.0644674301147461","150.69684429986995","17.245794540296473","29.334559967265957","3312372122"
"D4:22:CD:00:0C:E0","-0.2078133523464203","-0.03647932782769203","-0.06258773803710938","150.64801099701506","17.159048458792302","29.37034616790285","3312405456"
"D4:22:CD:00:0C:E0","-0.3321971893310547","-0.21152529120445251","-0.08551406860351562","150.5819363800471","17.01948783844299","29.395826976142505","3312438790"
"D4:22:CD:00:0C:E0","-0.34573838114738464","-0.15479837357997894","0.03660106658935547","150.50188052957986","16.888528843212107","29.439792538836706","3312472124"
"D4:22:CD:00:0C:E0","-0.3241293728351593","-0.17509378492832184","0.03683185577392578","150.43064129364808","16.759739976277977","29.47599926160709","3312505458"
